l,l1,l2,n1,n2,p,p1,p2,mirror1,mirror2,ReRatioNL,ImRatioNL
2,2,2,0,0,0,0,0,0,0,0.0544,0.221
2,2,2,0,0,0,0,0,0,1,-0.135,-2.78e-27
2,2,2,1,0,0,0,0,0,0,0.105,0.214
2,2,2,1,0,0,0,0,1,0,0.0349,0.0853
2,2,2,0,1,0,0,0,0,0,0.105,0.214
2,2,2,0,1,0,0,0,0,1,0.0349,0.0853
2,2,2,1,1,0,0,0,0,0,0.160,0.203
2,2,2,1,1,0,0,0,0,1,-0.112,2.49e-26
4,2,2,0,0,0,0,0,0,0,0.919,-0.0627
4,2,2,0,0,0,0,0,0,1,-0.00168,-9.3e-25
4,2,2,1,0,0,0,0,0,0,0.875,-0.108
4,2,2,1,0,0,0,0,1,0,0.0204,-0.0133
4,2,2,0,1,0,0,0,0,0,0.875,-0.108
4,2,2,0,1,0,0,0,0,1,0.0204,-0.0133
4,2,2,1,1,0,0,0,0,0,0.961,-0.0981
4,2,2,1,1,0,0,0,0,1,0.0369,1.97e-25
3,2,3,0,0,0,0,0,0,0,-0.0102,-0.166
3,2,3,0,0,0,0,0,1,0,0.0644,-0.252
3,2,3,1,0,0,0,0,0,0,-0.0734,-0.18
3,2,3,1,0,0,0,0,1,0,0.0925,-0.335
3,2,3,0,1,0,0,0,0,0,-0.0182,-0.176
3,2,3,0,1,0,0,0,1,0,0.0397,-0.27
5,2,3,0,0,0,0,0,0,0,-1.38,0.112
5,2,3,0,0,0,0,0,1,0,-0.0169,-0.0264
5,2,3,1,0,0,0,0,0,0,-1.31,0.186
5,2,3,1,0,0,0,0,1,0,-0.0369,0.0248
5,2,3,0,1,0,0,0,0,0,-1.39,0.167
5,2,3,0,1,0,0,0,1,0,-0.051,0.00431
2,2,4,0,0,0,0,0,0,0,0.0175,0.0933
2,2,4,0,0,0,0,0,1,0,-1.37,-0.286
2,2,4,1,0,0,0,0,0,0,-0.00624,0.0862
2,2,4,1,0,0,0,0,1,0,-0.638,-0.0794
2,2,4,0,1,0,0,0,0,0,0.0504,0.0854
2,2,4,0,1,0,0,0,1,0,-1.07,-0.062
4,2,4,0,0,0,0,0,0,0,-0.0168,0.12
4,2,4,0,0,0,0,0,1,0,-0.0344,0.214
4,2,4,1,0,0,0,0,0,0,0.0694,0.153
4,2,4,1,0,0,0,0,1,0,-0.129,0.333
4,2,4,0,1,0,0,0,0,0,-0.0328,0.135
4,2,4,0,1,0,0,0,1,0,-0.0525,0.232
6,2,4,0,0,0,0,0,0,0,1.85,-0.134
6,2,4,0,0,0,0,0,1,0,0.0357,0.0575
6,2,4,1,0,0,0,0,0,0,1.76,-0.26
6,2,4,1,0,0,0,0,1,0,0.0751,0.000598
6,2,4,0,1,0,0,0,0,0,1.88,-0.19
6,2,4,0,1,0,0,0,1,0,0.0789,0.0336
3,2,5,0,0,0,0,0,0,0,-0.0215,-0.153
3,2,5,0,0,0,0,0,1,0,1.95,0.332
3,2,5,1,0,0,0,0,0,0,0.0232,-0.14
3,2,5,1,0,0,0,0,1,0,1.13,0.211
3,2,5,0,1,0,0,0,0,0,-0.0675,-0.144
3,2,5,0,1,0,0,0,1,0,1.69,0.187
5,2,5,0,0,0,0,0,0,0,0.0373,-0.0793
5,2,5,0,0,0,0,0,1,0,0.0274,-0.175
5,2,5,1,0,0,0,0,0,0,-0.0778,-0.133
5,2,5,1,0,0,0,0,1,0,0.158,-0.325
5,2,5,0,1,0,0,0,0,0,0.0693,-0.098
5,2,5,0,1,0,0,0,1,0,0.062,-0.191
7,2,5,0,0,0,0,0,0,0,-2.35,0.146
7,2,5,0,0,0,0,0,1,0,-0.0502,-0.0943
7,2,5,1,0,0,0,0,0,0,-2.24,0.335
7,2,5,1,0,0,0,0,1,0,-0.113,-0.0296
7,2,5,0,1,0,0,0,0,0,-2.39,0.2
7,2,5,0,1,0,0,0,1,0,-0.102,-0.0744
4,2,6,0,0,0,0,0,0,0,0.0224,0.212
4,2,6,0,0,0,0,0,1,0,-2.46,-0.35
4,2,6,1,0,0,0,0,0,0,-0.0449,0.191
4,2,6,1,0,0,0,0,1,0,-1.62,-0.331
4,2,6,0,1,0,0,0,0,0,0.0777,0.202
4,2,6,0,1,0,0,0,1,0,-2.24,-0.258
6,2,6,0,0,0,0,0,0,0,-0.0548,0.0421
6,2,6,0,0,0,0,0,1,0,-0.0237,0.141
6,2,6,1,0,0,0,0,0,0,0.0934,0.117
6,2,6,1,0,0,0,0,1,0,-0.189,0.32
6,2,6,0,1,0,0,0,0,0,-0.0985,0.0627
6,2,6,0,1,0,0,0,1,0,-0.0695,0.154
5,2,7,0,0,0,0,0,0,0,-0.0215,-0.271
5,2,7,0,0,0,0,0,1,0,3.,0.361
5,2,7,1,0,0,0,0,0,0,0.07,-0.242
5,2,7,1,0,0,0,0,1,0,2.13,0.443
5,2,7,0,1,0,0,0,0,0,-0.0842,-0.261
5,2,7,0,1,0,0,0,1,0,2.8,0.298
7,2,7,0,0,0,0,0,0,0,0.0707,-0.00665
7,2,7,1,0,0,0,0,1,0,0.222,-0.317
7,2,7,0,1,0,0,0,0,0,0.124,-0.0286
7,2,7,0,1,0,0,0,1,0,0.0748,-0.119
2,3,3,0,0,0,0,0,0,0,-0.027,-0.15
2,3,3,0,0,0,0,0,0,1,-0.269,-6.46e-26
2,3,3,1,0,0,0,0,0,0,-0.0504,-0.146
2,3,3,1,0,0,0,0,1,0,-0.18,-0.182
2,3,3,0,1,0,0,0,0,0,-0.0504,-0.146
2,3,3,0,1,0,0,0,0,1,-0.18,-0.182
4,3,3,0,0,0,0,0,0,0,0.00439,0.179
4,3,3,0,0,0,0,0,0,1,-0.2,-1.03e-24
4,3,3,1,0,0,0,0,0,0,0.03,0.19
4,3,3,1,0,0,0,0,1,0,-0.0664,-0.0135
4,3,3,0,1,0,0,0,0,0,0.03,0.19
4,3,3,0,1,0,0,0,0,1,-0.0664,-0.0135
6,3,3,0,0,0,0,0,0,0,1.65,-0.241
6,3,3,0,0,0,0,0,0,1,-0.0268,-1.05e-25
6,3,3,1,0,0,0,0,0,0,1.66,-0.336
6,3,3,1,0,0,0,0,1,0,-0.00315,-0.00367
6,3,3,0,1,0,0,0,0,0,1.66,-0.336
6,3,3,0,1,0,0,0,0,1,-0.00315,-0.00367
3,3,4,0,0,0,0,0,0,0,0.0155,0.11
3,3,4,0,0,0,0,0,1,0,0.0492,0.294
3,3,4,1,0,0,0,0,0,0,0.0392,0.109
3,3,4,1,0,0,0,0,1,0,0.122,0.506
3,3,4,0,1,0,0,0,0,0,0.0233,0.11
3,3,4,0,1,0,0,0,1,0,0.121,0.391
5,3,4,0,0,0,0,0,0,0,0.00518,-0.171
5,3,4,0,0,0,0,0,1,0,0.0887,-0.148
5,3,4,1,0,0,0,0,0,0,-0.0331,-0.187
5,3,4,1,0,0,0,0,1,0,0.0656,-0.0983
5,3,4,0,1,0,0,0,0,0,-0.00164,-0.181
5,3,4,0,1,0,0,0,1,0,0.0505,-0.127
7,3,4,0,0,0,0,0,0,0,-1.89,0.302
7,3,4,0,0,0,0,0,1,0,0.00869,-0.0353
7,3,4,1,0,0,0,0,0,0,-1.91,0.456
7,3,4,1,0,0,0,0,1,0,-0.000251,-0.00838
7,3,4,0,1,0,0,0,0,0,-1.92,0.391
7,3,4,0,1,0,0,0,1,0,-0.00807,-0.0175
2,3,5,0,0,0,0,0,0,0,-0.00683,-0.062
2,3,5,0,0,0,0,0,1,0,2.68,0.802
2,3,5,1,0,0,0,0,0,0,-0.000419,-0.0601
2,3,5,1,0,0,0,0,1,0,1.34,0.354
2,3,5,0,1,0,0,0,0,0,-0.0225,-0.0601
2,3,5,0,1,0,0,0,1,0,1.95,0.375
4,3,5,0,0,0,0,0,0,0,-0.00931,-0.076
4,3,5,0,0,0,0,0,1,0,-0.019,-0.293
4,3,5,1,0,0,0,0,0,0,-0.0369,-0.0778
4,3,5,1,0,0,0,0,1,0,-0.0154,-0.435
4,3,5,0,1,0,0,0,0,0,-0.00666,-0.0775
4,3,5,0,1,0,0,0,1,0,-0.0453,-0.342
6,3,5,0,0,0,0,0,0,0,-0.0135,0.159
6,3,5,0,0,0,0,0,1,0,-0.0396,0.128
6,3,5,1,0,0,0,0,0,0,0.0379,0.183
6,3,5,1,0,0,0,0,1,0,-0.0627,0.122
6,3,5,0,1,0,0,0,0,0,-0.0188,0.17
6,3,5,0,1,0,0,0,1,0,-0.038,0.128
3,3,6,0,0,0,0,0,0,0,0.00789,0.0964
3,3,6,0,0,0,0,0,1,0,-2.97,-0.785
3,3,6,1,0,0,0,0,0,0,-0.00523,0.093
3,3,6,1,0,0,0,0,1,0,-1.98,-0.739
3,3,6,0,1,0,0,0,0,0,0.03,0.0942
3,3,6,0,1,0,0,0,1,0,-2.56,-0.673
5,3,6,0,0,0,0,0,0,0,0.00608,0.0475
5,3,6,0,0,0,0,0,1,0,0.00932,0.278
5,3,6,1,0,0,0,0,0,0,0.0398,0.0523
5,3,6,1,0,0,0,0,1,0,-0.0294,0.41
5,3,6,0,1,0,0,0,0,0,-0.00385,0.0496
5,3,6,0,1,0,0,0,1,0,0.0155,0.313
7,3,6,0,0,0,0,0,0,0,0.0208,-0.149
7,3,6,0,0,0,0,0,1,0,0.0293,-0.106
7,3,6,1,0,0,0,0,0,0,-0.045,-0.181
7,3,6,1,0,0,0,0,1,0,0.0637,-0.123
7,3,6,0,1,0,0,0,0,0,0.0346,-0.159
7,3,6,0,1,0,0,0,1,0,0.0363,-0.114
4,3,7,0,0,0,0,0,0,0,-0.00753,-0.127
4,3,7,0,0,0,0,0,1,0,3.12,0.766
4,3,7,1,0,0,0,0,0,0,0.013,-0.122
4,3,7,1,0,0,0,0,1,0,2.44,0.992
4,3,7,0,1,0,0,0,0,0,-0.0341,-0.125
4,3,7,0,1,0,0,0,1,0,2.9,0.772
6,3,7,0,0,0,0,0,0,0,-0.00461,-0.0223
6,3,7,0,0,0,0,0,1,0,-0.0041,-0.265
6,3,7,1,0,0,0,0,0,0,-0.0458,-0.0303
6,3,7,1,0,0,0,0,1,0,0.0583,-0.4
6,3,7,0,1,0,0,0,0,0,0.0108,-0.0246
6,3,7,0,1,0,0,0,1,0,0.00134,-0.294
2,4,4,0,0,0,0,0,0,0,0.016,0.123
2,4,4,0,0,0,0,0,0,1,1.12,-3.43e-25
2,4,4,1,0,0,0,0,0,0,0.0305,0.121
2,4,4,1,0,0,0,0,1,0,0.599,0.325
2,4,4,0,1,0,0,0,0,0,0.0305,0.121
2,4,4,0,1,0,0,0,0,1,0.599,0.325
4,4,4,0,0,0,0,0,0,0,-0.0134,-0.121
4,4,4,0,0,0,0,0,0,1,0.165,9.03e-25
4,4,4,1,0,0,0,0,0,0,-0.0274,-0.121
4,4,4,1,0,0,0,0,1,0,0.00658,0.000729
4,4,4,0,1,0,0,0,0,0,-0.0274,-0.121
4,4,4,0,1,0,0,0,0,1,0.00658,0.000729
6,4,4,0,0,0,0,0,0,0,-0.00759,0.182
6,4,4,0,0,0,0,0,0,1,-0.205,-1.84e-25
6,4,4,1,0,0,0,0,0,0,0.0112,0.194
6,4,4,1,0,0,0,0,1,0,-0.0817,-0.0209
6,4,4,0,1,0,0,0,0,0,0.0112,0.194
6,4,4,0,1,0,0,0,0,1,-0.0817,-0.0209
3,4,5,0,0,0,0,0,0,0,-0.0103,-0.0909
3,4,5,0,0,0,0,0,1,0,-0.281,-0.258
3,4,5,1,0,0,0,0,0,0,-0.0239,-0.0897
3,4,5,1,0,0,0,0,1,0,-0.457,-0.702
3,4,5,0,1,0,0,0,0,0,-0.0165,-0.0904
3,4,5,0,1,0,0,0,1,0,-0.403,-0.508
5,4,5,0,0,0,0,0,0,0,0.0103,0.112
5,4,5,0,0,0,0,0,1,0,-0.0877,0.188
5,4,5,1,0,0,0,0,0,0,0.0281,0.113
5,4,5,1,0,0,0,0,1,0,-0.032,0.135
5,4,5,0,1,0,0,0,0,0,0.0168,0.113
5,4,5,0,1,0,0,0,1,0,-0.0217,0.16
7,4,5,0,0,0,0,0,0,0,0.0116,-0.184
7,4,5,0,0,0,0,0,1,0,0.0921,-0.117
7,4,5,1,0,0,0,0,0,0,-0.0169,-0.199
7,4,5,1,0,0,0,0,1,0,0.0745,-0.0481
7,4,5,0,1,0,0,0,0,0,0.00435,-0.194
7,4,5,0,1,0,0,0,1,0,0.0613,-0.0771
2,4,6,0,0,0,0,0,0,0,0.00429,0.0498
2,4,6,0,0,0,0,0,1,0,-4.47,-1.39
2,4,6,1,0,0,0,0,0,0,0.00207,0.049
2,4,6,1,0,0,0,0,1,0,-2.32,-0.713
2,4,6,0,1,0,0,0,0,0,0.0137,0.049
2,4,6,0,1,0,0,0,1,0,-3.12,-0.743
4,4,6,0,0,0,0,0,0,0,0.0069,0.0631
4,4,6,0,0,0,0,0,1,0,0.104,0.308
4,4,6,1,0,0,0,0,0,0,0.0213,0.0629
4,4,6,1,0,0,0,0,1,0,0.188,0.522
4,4,6,0,1,0,0,0,0,0,0.00711,0.0633
4,4,6,0,1,0,0,0,1,0,0.177,0.405
6,4,6,0,0,0,0,0,0,0,-0.00817,-0.1
6,4,6,0,0,0,0,0,1,0,0.0329,-0.183
6,4,6,1,0,0,0,0,0,0,-0.0298,-0.103
6,4,6,1,0,0,0,0,1,0,0.0375,-0.169
6,4,6,0,1,0,0,0,0,0,-0.00901,-0.102
6,4,6,0,1,0,0,0,1,0,0.0158,-0.176
3,4,7,0,0,0,0,0,0,0,-0.00512,-0.0753
3,4,7,0,0,0,0,0,1,0,4.17,1.12
3,4,7,1,0,0,0,0,0,0,0.000153,-0.0739
3,4,7,1,0,0,0,0,1,0,3.,1.28
3,4,7,0,1,0,0,0,0,0,-0.0185,-0.0743
3,4,7,0,1,0,0,0,1,0,3.62,1.11
5,4,7,0,0,0,0,0,0,0,-0.00505,-0.0402
5,4,7,0,0,0,0,0,1,0,-0.0569,-0.318
5,4,7,1,0,0,0,0,0,0,-0.0214,-0.0409
5,4,7,1,0,0,0,0,1,0,-0.0852,-0.472
5,4,7,0,1,0,0,0,0,0,-0.000932,-0.0407
5,4,7,0,1,0,0,0,1,0,-0.0965,-0.374
7,4,7,0,0,0,0,0,0,0,0.00687,0.0884
7,4,7,0,0,0,0,0,1,0,-0.0187,0.167
7,4,7,1,0,0,0,0,0,0,0.0328,0.0926
7,4,7,1,0,0,0,0,1,0,-0.0364,0.176
7,4,7,0,1,0,0,0,0,0,0.00341,0.0898
7,4,7,0,1,0,0,0,1,0,-0.0121,0.172
2,5,5,0,0,0,0,0,0,0,-0.0109,-0.108
2,5,5,0,0,0,0,0,0,1,-2.42,-8.01e-25
2,5,5,1,0,0,0,0,0,0,-0.0211,-0.107
2,5,5,1,0,0,0,0,1,0,-1.27,-0.485
2,5,5,0,1,0,0,0,0,0,-0.0211,-0.107
2,5,5,0,1,0,0,0,0,1,-1.27,-0.485
4,5,5,0,0,0,0,0,0,0,0.00965,0.1
4,5,5,0,0,0,0,0,0,1,0.00701,1.23e-24
4,5,5,1,0,0,0,0,0,0,0.019,0.0995
4,5,5,1,0,0,0,0,1,0,0.134,0.021
4,5,5,0,1,0,0,0,0,0,0.019,0.0995
4,5,5,0,1,0,0,0,0,1,0.134,0.021
6,5,5,0,0,0,0,0,0,0,-0.00889,-0.118
6,5,5,0,0,0,0,0,0,1,0.258,-2.66e-25
6,5,5,1,0,0,0,0,0,0,-0.0198,-0.12
6,5,5,1,0,0,0,0,1,0,0.0885,0.0217
6,5,5,0,1,0,0,0,0,0,-0.0198,-0.12
6,5,5,0,1,0,0,0,0,1,0.0885,0.0217
3,5,6,0,0,0,0,0,0,0,0.00733,0.0798
3,5,6,0,0,0,0,0,1,0,0.633,0.161
3,5,6,1,0,0,0,0,0,0,0.0165,0.0791
3,5,6,1,0,0,0,0,1,0,0.925,0.933
3,5,6,0,1,0,0,0,0,0,0.0123,0.0794
3,5,6,0,1,0,0,0,1,0,0.817,0.647
5,5,6,0,0,0,0,0,0,0,-0.00795,-0.0915
5,5,6,0,0,0,0,0,1,0,0.0342,-0.174
5,5,6,1,0,0,0,0,0,0,-0.0189,-0.0914
5,5,6,1,0,0,0,0,1,0,-0.0518,-0.16
5,5,6,0,1,0,0,0,0,0,-0.0132,-0.0915
5,5,6,0,1,0,0,0,1,0,-0.0507,-0.168
7,5,6,0,0,0,0,0,0,0,0.0075,0.116
7,5,6,0,0,0,0,0,1,0,-0.123,0.168
7,5,6,1,0,0,0,0,0,0,0.0219,0.119
7,5,6,1,0,0,0,0,1,0,-0.0887,0.0736
7,5,6,0,1,0,0,0,0,0,0.0134,0.118
7,5,6,0,1,0,0,0,1,0,-0.0735,0.107
2,5,7,0,0,0,0,0,0,0,-0.00314,-0.0431
2,5,7,0,0,0,0,0,1,0,6.84,2.09
2,5,7,1,0,0,0,0,0,0,-0.00243,-0.0427
2,5,7,1,0,0,0,0,1,0,3.63,1.17
2,5,7,0,1,0,0,0,0,0,-0.00955,-0.0427
2,5,7,0,1,0,0,0,1,0,4.65,1.19
4,5,7,0,0,0,0,0,0,0,-0.00501,-0.0556
4,5,7,0,0,0,0,0,1,0,-0.223,-0.286
4,5,7,1,0,0,0,0,0,0,-0.0141,-0.0553
4,5,7,1,0,0,0,0,1,0,-0.409,-0.608
4,5,7,0,1,0,0,0,0,0,-0.00598,-0.0556
4,5,7,0,1,0,0,0,1,0,-0.359,-0.456
6,5,7,0,0,0,0,0,0,0,0.00663,0.0802
6,5,7,0,0,0,0,0,1,0,-0.0107,0.194
6,5,7,1,0,0,0,0,0,0,0.019,0.0805
6,5,7,1,0,0,0,0,1,0,0.01,0.193
6,5,7,0,1,0,0,0,0,0,0.00848,0.0804
6,5,7,0,1,0,0,0,1,0,0.0221,0.194
2,6,6,0,0,0,0,0,0,0,0.00808,0.0973
2,6,6,0,0,0,0,0,0,1,4.19,-3.35e-24
2,6,6,1,0,0,0,0,0,0,0.0158,0.0966
2,6,6,1,0,0,0,0,1,0,2.19,0.659
2,6,6,0,1,0,0,0,0,0,0.0158,0.0966
2,6,6,0,1,0,0,0,0,1,2.19,0.659
4,6,6,0,0,0,0,0,0,0,-0.00717,-0.088
4,6,6,0,0,0,0,0,0,1,-0.299,-9.e-25
4,6,6,1,0,0,0,0,0,0,-0.0141,-0.0876
4,6,6,1,0,0,0,0,1,0,-0.349,-0.0468
4,6,6,0,1,0,0,0,0,0,-0.0141,-0.0876
4,6,6,0,1,0,0,0,0,1,-0.349,-0.0468
6,6,6,0,0,0,0,0,0,0,0.00725,0.0954
6,6,6,0,0,0,0,0,0,1,-0.221,0.
6,6,6,1,0,0,0,0,0,0,0.0147,0.0956
6,6,6,1,0,0,0,0,1,0,-0.048,-0.0162
6,6,6,0,1,0,0,0,0,0,0.0147,0.0956
6,6,6,0,1,0,0,0,0,1,-0.048,-0.0162
3,6,7,0,0,0,0,0,0,0,-0.00557,-0.0723
3,6,7,0,0,0,0,0,1,0,-1.11,-0.00698
3,6,7,1,0,0,0,0,0,0,-0.0123,-0.0718
3,6,7,1,0,0,0,0,1,0,-1.54,-1.2
3,6,7,0,1,0,0,0,0,0,-0.0096,-0.072
3,6,7,0,1,0,0,0,1,0,-1.37,-0.818
5,6,7,0,0,0,0,0,0,0,0.00604,0.0802
5,6,7,0,0,0,0,0,1,0,0.0656,0.12
5,6,7,1,0,0,0,0,0,0,0.0137,0.0799
5,6,7,1,0,0,0,0,1,0,0.182,0.175
5,6,7,0,1,0,0,0,0,0,0.0103,0.08
5,6,7,0,1,0,0,0,1,0,0.167,0.162
7,6,7,0,0,0,0,0,0,0,-0.00643,-0.0924
7,6,7,0,0,0,0,0,1,0,0.116,-0.177
7,6,7,1,0,0,0,0,0,0,-0.0155,-0.0928
7,6,7,1,0,0,0,0,1,0,0.0692,-0.0856
7,6,7,0,1,0,0,0,0,0,-0.0111,-0.0927
7,6,7,0,1,0,0,0,1,0,0.057,-0.113
2,7,7,0,0,0,0,0,0,0,-0.00632,-0.0895
2,7,7,0,0,0,0,0,0,1,-6.47,-2.42e-24
2,7,7,1,0,0,0,0,0,0,-0.0124,-0.089
2,7,7,1,0,0,0,0,1,0,-3.38,-0.845
2,7,7,0,1,0,0,0,0,0,-0.0124,-0.089
2,7,7,0,1,0,0,0,0,1,-3.38,-0.845
4,7,7,0,0,0,0,0,0,0,0.00559,0.0799
4,7,7,0,0,0,0,0,0,1,0.71,3.79e-24
4,7,7,1,0,0,0,0,0,0,0.011,0.0795
4,7,7,1,0,0,0,0,1,0,0.64,0.075
4,7,7,0,1,0,0,0,0,0,0.011,0.0795
4,7,7,0,1,0,0,0,0,1,0.64,0.075
6,7,7,0,0,0,0,0,0,0,-0.00566,-0.0832
6,7,7,0,0,0,0,0,0,1,0.115,8.e-25
6,7,7,1,0,0,0,0,0,0,-0.0113,-0.0831
6,7,7,1,0,0,0,0,1,0,-0.0324,0.00833
6,7,7,0,1,0,0,0,0,0,-0.0113,-0.0831
6,7,7,0,1,0,0,0,0,1,-0.0324,0.00833
3,2,2,0,0,1,1,1,0,0,-9.89e-29,2.78e-28
3,2,2,0,0,1,1,1,0,1,-6.53e-25,-0.0876
3,2,2,1,0,1,1,1,0,0,0.077,-0.00459
3,2,2,1,0,1,1,1,1,0,0.00928,0.111
3,2,2,0,1,1,1,1,0,0,-0.077,0.00459
3,2,2,0,1,1,1,1,0,1,-0.00928,-0.111
2,2,3,0,0,1,1,1,0,0,-0.0144,-0.114
2,2,3,0,0,1,1,1,1,0,0.343,-0.106
2,2,3,1,0,1,1,1,0,0,-0.0275,-0.121
2,2,3,1,0,1,1,1,1,0,1.01,0.607
2,2,3,0,1,1,1,1,0,0,-0.0398,-0.116
2,2,3,0,1,1,1,1,1,0,0.624,0.138
4,2,3,0,0,1,1,1,0,0,-0.0279,0.113
4,2,3,0,0,1,1,1,1,0,-0.0359,-0.119
4,2,3,1,0,1,1,1,0,0,-0.13,0.14
4,2,3,1,0,1,1,1,1,0,-0.106,-0.132
4,2,3,0,1,1,1,1,0,0,0.0437,0.13
4,2,3,0,1,1,1,1,1,0,-0.101,-0.131
3,2,4,0,0,1,1,1,0,0,0.0162,0.163
3,2,4,0,0,1,1,1,1,0,-0.239,-0.0905
3,2,4,1,0,1,1,1,0,0,0.0248,0.174
3,2,4,1,0,1,1,1,1,0,-0.795,-0.446
3,2,4,0,1,1,1,1,0,0,0.0473,0.164
3,2,4,0,1,1,1,1,1,0,-0.412,-0.174
5,2,4,0,0,1,1,1,0,0,0.0489,-0.222
5,2,4,0,0,1,1,1,1,0,0.0435,0.16
5,2,4,1,0,1,1,1,0,0,0.181,-0.273
5,2,4,1,0,1,1,1,1,0,0.124,0.182
5,2,4,0,1,1,1,1,0,0,-0.029,-0.24
5,2,4,0,1,1,1,1,1,0,0.105,0.169
4,2,5,0,0,1,1,1,0,0,-0.0164,-0.211
4,2,5,0,0,1,1,1,1,0,0.235,0.231
4,2,5,1,0,1,1,1,0,0,-0.0176,-0.227
4,2,5,1,0,1,1,1,1,0,0.774,0.546
4,2,5,0,1,1,1,1,0,0,-0.0521,-0.211
4,2,5,0,1,1,1,1,1,0,0.385,0.282
6,2,5,0,0,1,1,1,0,0,-0.071,0.333
6,2,5,0,0,1,1,1,1,0,-0.0502,-0.206
6,2,5,1,0,1,1,1,0,0,-0.24,0.413
6,2,5,1,0,1,1,1,1,0,-0.145,-0.235
6,2,5,0,1,1,1,1,0,0,0.014,0.351
6,2,5,0,1,1,1,1,1,0,-0.112,-0.214
5,2,6,0,0,1,1,1,0,0,0.0158,0.263
5,2,6,0,0,1,1,1,1,0,-0.252,-0.361
5,2,6,1,0,1,1,1,0,0,0.00771,0.284
5,2,6,1,0,1,1,1,1,0,-0.813,-0.688
5,2,6,0,1,1,1,1,0,0,0.0556,0.262
5,2,6,0,1,1,1,1,1,0,-0.395,-0.399
7,2,6,0,0,1,1,1,0,0,0.0953,-0.451
7,2,6,0,0,1,1,1,1,0,0.0568,0.256
7,2,6,1,0,1,1,1,0,0,0.307,-0.562
7,2,6,0,1,1,1,1,0,0,0.00327,-0.469
7,2,6,0,1,1,1,1,1,0,0.12,0.264
6,2,7,0,0,1,1,1,0,0,-0.0146,-0.318
6,2,7,0,0,1,1,1,1,0,0.278,0.492
6,2,7,1,0,1,1,1,0,0,0.00425,-0.345
6,2,7,1,0,1,1,1,1,0,0.881,0.847
6,2,7,0,1,1,1,1,0,0,-0.0581,-0.318
6,2,7,0,1,1,1,1,1,0,0.419,0.522
8,2,7,0,0,1,1,1,0,0,-0.122,0.576
8,2,7,0,0,1,1,1,1,0,-0.0634,-0.31
8,2,7,1,0,1,1,1,0,0,-0.382,0.721
8,2,7,1,0,1,1,1,1,0,-0.192,-0.355
8,2,7,0,1,1,1,1,0,0,-0.0232,0.593
8,2,7,0,1,1,1,1,1,0,-0.128,-0.318
7,2,8,0,0,1,1,1,0,0,0.0129,0.378
5,3,3,0,0,1,1,1,0,0,0.0,0.0
5,3,3,0,0,1,1,1,0,1,1.e-26,-0.0855
5,3,3,1,0,1,1,1,0,0,0.0775,0.0105
5,3,3,1,0,1,1,1,1,0,-0.0109,0.0776
5,3,3,0,1,1,1,1,0,0,-0.0775,-0.0105
5,3,3,0,1,1,1,1,0,1,0.0109,-0.0776
2,3,4,0,0,1,1,1,0,0,0.00958,0.085
2,3,4,0,0,1,1,1,1,0,-0.545,0.576
2,3,4,1,0,1,1,1,0,0,0.0188,0.0867
2,3,4,1,0,1,1,1,1,0,-1.74,-0.227
2,3,4,0,1,1,1,1,1,0,-1.17,0.178
4,3,4,0,0,1,1,1,0,0,-0.00384,-0.0565
4,3,4,0,0,1,1,1,1,0,0.044,-0.0146
4,3,4,1,0,1,1,1,0,0,0.00638,-0.058
4,3,4,1,0,1,1,1,1,0,0.149,-0.035
4,3,4,0,1,1,1,1,0,0,-0.0239,-0.0575
4,3,4,0,1,1,1,1,1,0,0.11,-0.0213
6,3,4,0,0,1,1,1,0,0,-0.0136,0.0871
6,3,4,0,0,1,1,1,1,0,-0.0105,-0.0912
6,3,4,1,0,1,1,1,0,0,-0.101,0.0815
6,3,4,1,0,1,1,1,1,0,-0.0168,-0.0824
6,3,4,0,1,1,1,1,0,0,0.0634,0.103
6,3,4,0,1,1,1,1,1,0,-0.0368,-0.0861
3,3,5,0,0,1,1,1,0,0,-0.0106,-0.109
3,3,5,0,0,1,1,1,1,0,0.279,-0.183
3,3,5,1,0,1,1,1,0,0,-0.0192,-0.112
3,3,5,1,0,1,1,1,1,0,0.944,0.00308
3,3,5,0,1,1,1,1,0,0,-0.0255,-0.109
3,3,5,0,1,1,1,1,1,0,0.558,-0.105
5,3,5,0,0,1,1,1,0,0,0.00511,0.1
5,3,5,0,0,1,1,1,1,0,-0.048,-0.0425
5,3,5,1,0,1,1,1,0,0,-0.00744,0.104
5,3,5,1,0,1,1,1,1,0,-0.141,-0.0357
5,3,5,0,1,1,1,1,0,0,0.0303,0.101
5,3,5,0,1,1,1,1,1,0,-0.104,-0.0406
7,3,5,0,0,1,1,1,0,0,0.0254,-0.167
7,3,5,0,0,1,1,1,1,0,0.0152,0.103
7,3,5,1,0,1,1,1,0,0,0.126,-0.167
7,3,5,1,0,1,1,1,1,0,0.0288,0.0979
7,3,5,0,1,1,1,1,0,0,-0.0542,-0.184
7,3,5,0,1,1,1,1,1,0,0.0418,0.1
4,3,6,0,0,1,1,1,0,0,0.0107,0.129
4,3,6,0,0,1,1,1,1,0,-0.232,0.00111
4,3,6,1,0,1,1,1,0,0,0.0173,0.132
4,3,6,1,0,1,1,1,1,0,-0.75,-0.113
4,3,6,0,1,1,1,1,0,0,0.0272,0.129
4,3,6,0,1,1,1,1,1,0,-0.428,-0.0343
6,3,6,0,0,1,1,1,0,0,-0.00524,-0.141
6,3,6,0,0,1,1,1,1,0,0.0518,0.087
6,3,6,1,0,1,1,1,0,0,0.0115,-0.146
6,3,6,1,0,1,1,1,1,0,0.146,0.0875
6,3,6,0,1,1,1,1,0,0,-0.0343,-0.142
6,3,6,0,1,1,1,1,1,0,0.105,0.0872
5,3,7,0,0,1,1,1,0,0,-0.0105,-0.148
5,3,7,0,0,1,1,1,1,0,0.222,0.125
5,3,7,1,0,1,1,1,0,0,-0.0145,-0.152
5,3,7,1,0,1,1,1,1,0,0.691,0.226
5,3,7,0,1,1,1,1,0,0,-0.0283,-0.148
5,3,7,0,1,1,1,1,1,0,0.388,0.148
7,3,7,0,0,1,1,1,0,0,0.00469,0.182
7,3,7,0,0,1,1,1,1,0,-0.0559,-0.128
7,3,7,1,0,1,1,1,0,0,-0.0176,0.189
7,3,7,1,0,1,1,1,1,0,-0.157,-0.134
7,3,7,0,1,1,1,1,0,0,0.037,0.183
7,3,7,0,1,1,1,1,1,0,-0.109,-0.13
3,4,4,0,0,1,1,1,0,0,1.28e-28,-1.84e-29
3,4,4,0,0,1,1,1,0,1,3.06e-25,0.321
3,4,4,1,0,1,1,1,0,0,0.0035,-0.0000496
3,4,4,1,0,1,1,1,1,0,0.0876,-0.25
3,4,4,0,1,1,1,1,0,0,-0.0035,0.0000496
3,4,4,0,1,1,1,1,0,1,-0.0876,0.25
5,4,4,0,0,1,1,1,0,0,-4.5e-29,1.1e-28
5,4,4,0,0,1,1,1,0,1,5.84e-26,0.00585
5,4,4,1,0,1,1,1,0,0,-0.0174,-0.000357
5,4,4,1,0,1,1,1,1,0,-0.00113,0.0106
5,4,4,0,1,1,1,1,0,0,0.0174,0.000357
5,4,4,0,1,1,1,1,0,1,0.00113,-0.0106
7,4,4,0,0,1,1,1,0,1,2.05e-26,-0.0804
7,4,4,1,0,1,1,1,0,0,0.0805,0.0135
7,4,4,1,0,1,1,1,1,0,-0.00986,0.0752
7,4,4,0,1,1,1,1,0,0,-0.0805,-0.0135
7,4,4,0,1,1,1,1,0,1,0.00986,-0.0752
2,4,5,0,0,1,1,1,0,0,-0.00683,-0.0722
2,4,5,0,0,1,1,1,1,0,0.835,-1.24
2,4,5,1,0,1,1,1,0,0,-0.0135,-0.0729
2,4,5,1,0,1,1,1,1,0,2.8,-0.228
2,4,5,0,1,1,1,1,0,0,-0.015,-0.0724
2,4,5,0,1,1,1,1,1,0,1.99,-0.641
4,4,5,0,0,1,1,1,0,0,0.00326,0.0406
4,4,5,0,0,1,1,1,1,0,-0.0568,0.152
4,4,5,1,0,1,1,1,0,0,0.00203,0.0412
4,4,5,1,0,1,1,1,1,0,-0.209,0.207
4,4,5,0,1,1,1,1,0,0,0.0117,0.0407
4,4,5,0,1,1,1,1,1,0,-0.144,0.181
6,4,5,0,0,1,1,1,0,0,-0.00143,-0.0413
6,4,5,0,0,1,1,1,1,0,0.0119,0.0304
6,4,5,1,0,1,1,1,0,0,0.0166,-0.0417
6,4,5,1,0,1,1,1,1,0,0.0288,0.0156
6,4,5,0,1,1,1,1,0,0,-0.0232,-0.0421
6,4,5,0,1,1,1,1,1,0,0.0323,0.0204
3,4,6,0,0,1,1,1,0,0,0.00753,0.0889
3,4,6,0,0,1,1,1,1,0,-0.353,0.502
3,4,6,1,0,1,1,1,0,0,0.0143,0.0899
3,4,6,1,0,1,1,1,1,0,-1.24,0.392
3,4,6,0,1,1,1,1,0,0,0.0169,0.0889
3,4,6,0,1,1,1,1,1,0,-0.779,0.437
5,4,6,0,0,1,1,1,0,0,-0.00464,-0.0683
5,4,6,0,0,1,1,1,1,0,0.0555,-0.0606
5,4,6,1,0,1,1,1,0,0,-0.00344,-0.0694
5,4,6,1,0,1,1,1,1,0,0.17,-0.0883
5,4,6,0,1,1,1,1,0,0,-0.016,-0.0683
5,4,6,0,1,1,1,1,1,0,0.117,-0.074
7,4,6,0,0,1,1,1,0,0,0.00181,0.077
7,4,6,0,0,1,1,1,1,0,-0.0167,-0.0499
7,4,6,1,0,1,1,1,0,0,-0.0185,0.0782
7,4,6,1,0,1,1,1,1,0,-0.0382,-0.0414
7,4,6,0,1,1,1,1,0,0,0.0268,0.0779
7,4,6,0,1,1,1,1,1,0,-0.0387,-0.0449
4,4,7,0,0,1,1,1,0,0,-0.0076,-0.1
4,4,7,0,0,1,1,1,1,0,0.261,-0.221
4,4,7,1,0,1,1,1,0,0,-0.0136,-0.102
4,4,7,1,0,1,1,1,1,0,0.864,-0.187
4,4,7,0,1,1,1,1,0,0,-0.0176,-0.1
4,4,7,0,1,1,1,1,1,0,0.522,-0.204
6,4,7,0,0,1,1,1,0,0,0.00523,0.0913
6,4,7,0,0,1,1,1,1,0,-0.0561,0.00344
6,4,7,1,0,1,1,1,0,0,0.00301,0.093
6,4,7,1,0,1,1,1,1,0,-0.161,0.0187
6,4,7,0,1,1,1,1,0,0,0.0186,0.0913
6,4,7,0,1,1,1,1,1,0,-0.111,0.0102
3,5,5,0,0,1,1,1,0,0,5.49e-30,-5.3e-30
3,5,5,0,0,1,1,1,0,1,-5.47e-25,-0.613
3,5,5,1,0,1,1,1,0,0,-0.00148,0.0000326
3,5,5,1,0,1,1,1,1,0,-0.118,0.483
3,5,5,0,1,1,1,1,0,0,0.00148,-0.0000326
3,5,5,0,1,1,1,1,0,1,0.118,-0.483
5,5,5,0,0,1,1,1,0,0,4.89e-29,-5.03e-30
5,5,5,0,0,1,1,1,0,1,-6.39e-26,0.0817
5,5,5,1,0,1,1,1,0,0,0.00603,-0.0000918
5,5,5,1,0,1,1,1,1,0,0.00947,-0.111
5,5,5,0,1,1,1,1,0,0,-0.00603,0.0000918
5,5,5,0,1,1,1,1,0,1,-0.00947,0.111
7,5,5,0,0,1,1,1,0,0,-1.86e-29,1.83e-29
7,5,5,0,0,1,1,1,0,1,5.58e-27,0.0372
7,5,5,1,0,1,1,1,0,0,-0.0213,-0.000498
7,5,5,1,0,1,1,1,1,0,0.00412,-0.0291
7,5,5,0,1,1,1,1,0,0,0.0213,0.000498
7,5,5,0,1,1,1,1,0,1,-0.00412,0.0291
2,5,6,0,0,1,1,1,0,0,0.00518,0.0643
2,5,6,0,0,1,1,1,1,0,-1.22,2.13
2,5,6,1,0,1,1,1,0,0,0.0103,0.0647
2,5,6,1,0,1,1,1,1,0,-4.18,0.827
2,5,6,0,1,1,1,1,0,0,0.011,0.0644
2,5,6,0,1,1,1,1,1,0,-3.1,1.27
4,5,6,0,0,1,1,1,0,0,-0.00252,-0.0338
4,5,6,0,0,1,1,1,1,0,0.0742,-0.315
4,5,6,1,0,1,1,1,0,0,-0.00311,-0.0341
4,5,6,1,0,1,1,1,1,0,0.286,-0.412
4,5,6,0,1,1,1,1,0,0,-0.00731,-0.0338
4,5,6,0,1,1,1,1,1,0,0.196,-0.375
6,5,6,0,0,1,1,1,0,0,0.00161,0.0285
6,5,6,1,0,1,1,1,0,0,-0.00381,0.0289
6,5,6,1,0,1,1,1,1,0,-0.0399,0.0579
6,5,6,0,1,1,1,1,0,0,0.0106,0.0286
6,5,6,0,1,1,1,1,1,0,-0.0322,0.0517
3,5,7,0,0,1,1,1,0,0,-0.00572,-0.0777
3,5,7,0,0,1,1,1,1,0,0.452,-0.898
3,5,7,1,0,1,1,1,0,0,-0.011,-0.0782
3,5,7,1,0,1,1,1,1,0,1.62,-0.85
3,5,7,0,1,1,1,1,0,0,-0.0124,-0.0777
3,5,7,0,1,1,1,1,1,0,1.07,-0.854
5,5,7,0,0,1,1,1,0,0,0.00365,0.0551
5,5,7,0,0,1,1,1,1,0,-0.0661,0.172
5,5,7,1,0,1,1,1,0,0,0.00475,0.0556
5,5,7,1,0,1,1,1,1,0,-0.208,0.221
5,5,7,0,1,1,1,1,0,0,0.0103,0.0551
5,5,7,0,1,1,1,1,1,0,-0.14,0.199
7,5,7,0,0,1,1,1,0,0,-0.00244,-0.0517
7,5,7,0,0,1,1,1,1,0,0.0185,-0.00422
7,5,7,1,0,1,1,1,0,0,0.00333,-0.0524
7,5,7,1,0,1,1,1,1,0,0.0468,-0.0178
7,5,7,0,1,1,1,1,0,0,-0.0134,-0.0517
7,5,7,0,1,1,1,1,1,0,0.0386,-0.0128
3,6,6,0,0,1,1,1,0,0,8.61e-31,1.33e-30
3,6,6,0,0,1,1,1,0,1,1.58e-24,0.986
3,6,6,1,0,1,1,1,0,0,0.000762,-0.0000181
3,6,6,1,0,1,1,1,1,0,0.149,-0.784
3,6,6,0,1,1,1,1,0,0,-0.000762,0.0000181
3,6,6,0,1,1,1,1,0,1,-0.149,0.784
5,6,6,0,0,1,1,1,0,0,-8.5e-31,1.79e-30
5,6,6,0,0,1,1,1,0,1,4.6e-27,-0.183
5,6,6,1,0,1,1,1,0,0,-0.00271,0.0000627
5,6,6,1,0,1,1,1,1,0,-0.0169,0.227
5,6,6,0,1,1,1,1,0,0,0.00271,-0.0000627
5,6,6,0,1,1,1,1,0,1,0.0169,-0.227
7,6,6,0,0,1,1,1,0,0,1.18e-28,4.07e-29
7,6,6,0,0,1,1,1,0,1,1.91e-25,0.0114
7,6,6,1,0,1,1,1,0,0,0.00807,-0.000101
7,6,6,1,0,1,1,1,1,0,0.000072,-0.0234
7,6,6,0,1,1,1,1,0,0,-0.00807,0.000101
7,6,6,0,1,1,1,1,0,1,-0.000072,0.0234
2,6,7,0,0,1,1,1,0,0,-0.0041,-0.0588
2,6,7,0,0,1,1,1,1,0,1.71,-3.28
2,6,7,1,0,1,1,1,0,0,-0.00812,-0.059
2,6,7,0,1,1,1,1,0,0,-0.00859,-0.0588
2,6,7,0,1,1,1,1,1,0,4.53,-2.09
4,6,7,0,0,1,1,1,0,0,0.002,0.0298
4,6,7,0,0,1,1,1,1,0,-0.0963,0.515
4,6,7,1,0,1,1,1,0,0,0.00299,0.03
4,6,7,1,0,1,1,1,1,0,-0.382,0.662
4,6,7,0,1,1,1,1,0,0,0.00518,0.0299
4,6,7,0,1,1,1,1,1,0,-0.268,0.614
6,6,7,0,0,1,1,1,0,0,-0.00135,-0.0232
6,6,7,0,0,1,1,1,1,0,0.0162,-0.106
6,6,7,1,0,1,1,1,0,0,0.000539,-0.0234
6,6,7,1,0,1,1,1,1,0,0.0517,-0.141
6,6,7,0,1,1,1,1,0,0,-0.00609,-0.0231
6,6,7,0,1,1,1,1,1,0,0.0352,-0.133
3,7,7,0,0,1,1,1,0,0,3.45e-30,-2.85e-30
3,7,7,0,0,1,1,1,0,1,8.6e-25,-1.45
3,7,7,1,0,1,1,1,0,0,-0.000449,0.0000105
3,7,7,1,0,1,1,1,1,0,-0.18,1.16
3,7,7,0,1,1,1,1,0,0,0.000449,-0.0000105
3,7,7,0,1,1,1,1,0,1,0.18,-1.16
5,7,7,0,0,1,1,1,0,0,3.17e-29,1.97e-29
5,7,7,0,0,1,1,1,0,1,9.9e-26,0.302
5,7,7,1,0,1,1,1,0,0,0.00144,-0.000035
5,7,7,0,1,1,1,1,0,0,-0.00144,0.000035
5,7,7,0,1,1,1,1,0,1,-0.024,0.36
7,7,7,0,0,1,1,1,0,0,-1.34e-29,2.69e-29
7,7,7,0,0,1,1,1,0,1,0.,-0.0641
7,7,7,1,0,1,1,1,0,0,-0.00384,0.0000805
7,7,7,1,0,1,1,1,1,0,-0.00331,0.0814
7,7,7,0,1,1,1,1,0,0,0.00384,-0.0000805
7,7,7,0,1,1,1,1,0,1,0.00331,-0.0814
2,2,2,0,0,0,1,1,0,0,0.0221,0.201
2,2,2,0,0,0,1,1,0,1,0.179,8.05e-25
2,2,2,1,0,0,1,1,0,0,0.0672,0.22
2,2,2,1,0,0,1,1,1,0,0.139,-0.0524
2,2,2,0,1,0,1,1,0,0,0.0672,0.22
2,2,2,0,1,0,1,1,0,1,0.139,-0.0524
4,2,2,0,0,0,1,1,0,0,0.72,-0.0746
4,2,2,0,0,0,1,1,0,1,-0.00053,2.82e-25
4,2,2,1,0,0,1,1,0,0,0.687,-0.109
4,2,2,1,0,0,1,1,1,0,-0.0193,-0.00803
4,2,2,0,1,0,1,1,0,0,0.687,-0.109
4,2,2,0,1,0,1,1,0,1,-0.0193,-0.00803
3,2,3,0,0,0,1,1,0,0,-0.0175,-0.201
3,2,3,0,0,0,1,1,1,0,-0.0431,0.269
3,2,3,1,0,0,1,1,0,0,-0.0584,-0.223
3,2,3,1,0,0,1,1,1,0,-0.0149,0.329
3,2,3,0,1,0,1,1,0,0,-0.0498,-0.209
3,2,3,0,1,0,1,1,1,0,0.0196,0.288
5,2,3,0,0,0,1,1,0,0,-0.993,0.166
5,2,3,0,0,0,1,1,1,0,0.00183,0.0297
5,2,3,1,0,0,1,1,0,0,-0.927,0.202
5,2,3,1,0,0,1,1,1,0,0.0185,0.0331
5,2,3,0,1,0,1,1,0,0,-0.995,0.21
5,2,3,0,1,0,1,1,1,0,0.0169,0.0321
2,2,4,0,0,0,1,1,0,0,0.00334,0.0303
2,2,4,0,0,0,1,1,1,0,1.19,0.25
2,2,4,1,0,0,1,1,0,0,0.00814,0.0326
2,2,4,1,0,0,1,1,1,0,0.51,0.0484
2,2,4,0,1,0,1,1,0,0,0.00769,0.0306
4,2,4,0,0,0,1,1,0,0,0.0152,0.211
4,2,4,0,0,0,1,1,1,0,0.00454,-0.266
4,2,4,1,0,0,1,1,0,0,0.0539,0.236
4,2,4,1,0,0,1,1,1,0,0.0167,-0.337
4,2,4,0,1,0,1,1,0,0,0.0423,0.215
4,2,4,0,1,0,1,1,1,0,-0.0317,-0.282
6,2,4,0,0,0,1,1,0,0,1.17,-0.23
6,2,4,0,0,0,1,1,1,0,-0.0039,-0.0404
6,2,4,1,0,0,1,1,0,0,1.09,-0.274
6,2,4,1,0,0,1,1,1,0,-0.0129,-0.0468
6,2,4,0,1,0,1,1,0,0,1.18,-0.273
6,2,4,0,1,0,1,1,1,0,-0.0145,-0.0425
3,2,5,0,0,0,1,1,0,0,-0.00406,-0.0421
3,2,5,0,0,0,1,1,1,0,-1.46,-0.331
3,2,5,1,0,0,1,1,0,0,-0.01,-0.0457
3,2,5,1,0,0,1,1,1,0,-0.782,-0.166
3,2,5,0,1,0,1,1,0,0,-0.00913,-0.0422
3,2,5,0,1,0,1,1,1,0,-1.25,-0.193
5,2,5,0,0,0,1,1,0,0,-0.0137,-0.223
5,2,5,0,0,0,1,1,1,0,0.00507,0.266
5,2,5,1,0,0,1,1,0,0,-0.0512,-0.253
5,2,5,1,0,0,1,1,1,0,-0.0128,0.346
5,2,5,0,1,0,1,1,0,0,-0.0378,-0.226
5,2,5,0,1,0,1,1,1,0,0.0353,0.281
7,2,5,0,0,0,1,1,0,0,-1.3,0.28
7,2,5,0,0,0,1,1,1,0,0.00415,0.0478
7,2,5,1,0,0,1,1,0,0,-1.21,0.333
7,2,5,1,0,0,1,1,1,0,0.0103,0.0566
7,2,5,0,1,0,1,1,0,0,-1.32,0.32
7,2,5,0,1,0,1,1,1,0,0.0132,0.0499
4,2,6,0,0,0,1,1,0,0,0.00434,0.0504
4,2,6,0,0,0,1,1,1,0,1.59,0.39
4,2,6,1,0,0,1,1,0,0,0.0108,0.0551
4,2,6,1,0,0,1,1,1,0,0.977,0.261
4,2,6,0,1,0,1,1,0,0,0.00959,0.0504
4,2,6,0,1,0,1,1,1,0,1.44,0.296
6,2,6,0,0,0,1,1,0,0,0.0125,0.237
6,2,6,0,0,0,1,1,1,0,-0.0081,-0.273
6,2,6,1,0,0,1,1,0,0,0.0496,0.27
6,2,6,1,0,0,1,1,1,0,0.0107,-0.356
6,2,6,0,1,0,1,1,0,0,0.0347,0.238
6,2,6,0,1,0,1,1,1,0,-0.0353,-0.285
5,2,7,0,0,0,1,1,0,0,-0.00446,-0.0569
5,2,7,0,0,0,1,1,1,0,-1.69,-0.435
5,2,7,1,0,0,1,1,0,0,-0.0112,-0.0626
5,2,7,1,0,0,1,1,1,0,-1.13,-0.336
5,2,7,0,1,0,1,1,0,0,-0.00969,-0.0569
5,2,7,0,1,0,1,1,1,0,-1.58,-0.366
7,2,7,0,0,0,1,1,0,0,-0.0116,-0.25
7,2,7,0,0,0,1,1,1,0,0.00916,0.282
7,2,7,1,0,0,1,1,0,0,-0.0486,-0.288
7,2,7,1,0,0,1,1,1,0,-0.0101,0.367
7,2,7,0,1,0,1,1,0,0,-0.0323,-0.251
7,2,7,0,1,0,1,1,1,0,0.0341,0.292
2,3,3,0,0,0,1,1,0,0,-0.0162,-0.126
2,3,3,0,0,0,1,1,0,1,0.229,3.46e-25
2,3,3,1,0,0,1,1,0,0,-0.0357,-0.128
2,3,3,1,0,0,1,1,1,0,0.0204,0.169
2,3,3,0,1,0,1,1,0,0,-0.0357,-0.128
2,3,3,0,1,0,1,1,0,1,0.0204,0.169
4,3,3,0,0,0,1,1,0,0,0.0131,0.214
4,3,3,0,0,0,1,1,0,1,0.2,1.01e-26
4,3,3,1,0,0,1,1,1,0,0.0565,0.021
4,3,3,0,1,0,1,1,0,0,0.0445,0.225
4,3,3,0,1,0,1,1,0,1,0.0565,0.021
6,3,3,0,0,0,1,1,0,0,1.25,-0.319
6,3,3,0,0,0,1,1,0,1,0.0255,6.27e-26
6,3,3,1,0,0,1,1,0,0,1.24,-0.389
6,3,3,1,0,0,1,1,1,0,-0.00883,0.00424
6,3,3,0,1,0,1,1,0,0,1.24,-0.389
6,3,3,0,1,0,1,1,0,1,-0.00883,0.00424
3,3,4,0,0,0,1,1,0,0,0.0131,0.114
3,3,4,0,0,0,1,1,1,0,-0.0611,-0.301
3,3,4,1,0,0,1,1,0,0,0.0288,0.117
3,3,4,1,0,0,1,1,1,0,-0.164,-0.501
3,3,4,0,1,0,1,1,0,0,0.0278,0.115
3,3,4,0,1,0,1,1,1,0,-0.156,-0.396
5,3,4,0,0,0,1,1,0,0,-0.0104,-0.225
5,3,4,0,0,0,1,1,1,0,-0.0833,0.146
5,3,4,1,0,0,1,1,0,0,-0.0405,-0.239
5,3,4,1,0,0,1,1,1,0,-0.0569,0.0723
5,3,4,0,1,0,1,1,0,0,-0.0372,-0.232
5,3,4,0,1,0,1,1,1,0,-0.0369,0.109
7,3,4,0,0,0,1,1,0,0,-1.37,0.403
7,3,4,0,0,0,1,1,1,0,-0.0114,0.0371
7,3,4,1,0,0,1,1,0,0,-1.38,0.505
7,3,4,1,0,0,1,1,1,0,0.00267,0.0217
7,3,4,0,1,0,1,1,0,0,-1.38,0.472
7,3,4,0,1,0,1,1,1,0,0.00586,0.0291
2,3,5,0,0,0,1,1,0,0,-0.00308,-0.031
2,3,5,0,0,0,1,1,1,0,-2.54,-0.772
2,3,5,1,0,0,1,1,0,0,-0.00646,-0.0318
2,3,5,1,0,0,1,1,1,0,-1.23,-0.321
2,3,5,0,1,0,1,1,0,0,-0.00677,-0.0311
2,3,5,0,1,0,1,1,1,0,-1.82,-0.35
4,3,5,0,0,0,1,1,0,0,-0.0112,-0.108
4,3,5,0,0,0,1,1,1,0,0.0375,0.316
4,3,5,1,0,0,1,1,0,0,-0.0244,-0.111
4,3,5,1,0,0,1,1,1,0,0.0764,0.434
4,3,5,0,1,0,1,1,0,0,-0.0234,-0.108
4,3,5,0,1,0,1,1,1,0,0.0949,0.358
6,3,5,0,0,0,1,1,0,0,0.0086,0.237
6,3,5,0,0,0,1,1,1,0,0.0271,-0.133
6,3,5,1,0,0,1,1,0,0,0.0378,0.254
6,3,5,1,0,0,1,1,1,0,0.0371,-0.101
6,3,5,0,1,0,1,1,0,0,0.0327,0.242
6,3,5,0,1,0,1,1,1,0,0.0122,-0.12
3,3,6,0,0,0,1,1,0,0,0.00383,0.0433
3,3,6,0,0,0,1,1,1,0,2.6,0.795
3,3,6,1,0,0,1,1,0,0,0.00804,0.0445
3,3,6,1,0,0,1,1,1,0,1.68,0.679
3,3,6,0,1,0,1,1,0,0,0.00838,0.0433
3,3,6,0,1,0,1,1,1,0,2.22,0.665
5,3,6,0,0,0,1,1,0,0,0.01,0.105
5,3,6,0,0,0,1,1,1,0,-0.0316,-0.319
5,3,6,1,0,0,1,1,0,0,0.0215,0.108
5,3,6,1,0,0,1,1,1,0,-0.0487,-0.416
5,3,6,0,1,0,1,1,0,0,0.0206,0.105
5,3,6,0,1,0,1,1,1,0,-0.0747,-0.347
7,3,6,0,0,0,1,1,0,0,-0.00719,-0.251
7,3,6,0,0,0,1,1,1,0,-0.0107,0.121
7,3,6,1,0,0,1,1,0,0,-0.0359,-0.27
7,3,6,1,0,0,1,1,1,0,-0.0222,0.11
7,3,6,0,1,0,1,1,0,0,-0.0294,-0.254
7,3,6,0,1,0,1,1,1,0,0.00023,0.117
4,3,7,0,0,0,1,1,0,0,-0.00415,-0.0517
4,3,7,0,0,0,1,1,1,0,-2.48,-0.814
4,3,7,1,0,0,1,1,0,0,-0.00868,-0.0534
4,3,7,1,0,0,1,1,1,0,-1.9,-0.892
4,3,7,0,1,0,1,1,0,0,-0.00902,-0.0517
4,3,7,0,1,0,1,1,1,0,-2.3,-0.786
6,3,7,0,0,0,1,1,0,0,-0.00923,-0.105
6,3,7,0,0,0,1,1,1,0,0.0284,0.323
6,3,7,1,0,0,1,1,0,0,-0.0195,-0.108
6,3,7,1,0,0,1,1,1,0,0.0367,0.413
6,3,7,0,1,0,1,1,0,0,-0.0188,-0.105
6,3,7,0,1,0,1,1,1,0,0.0646,0.344
2,4,4,0,0,0,1,1,0,0,0.0106,0.1
2,4,4,0,0,0,1,1,0,1,-1.09,1.59e-25
2,4,4,1,0,0,1,1,0,0,0.0222,0.101
2,4,4,1,0,0,1,1,1,0,-0.443,-0.318
2,4,4,0,1,0,1,1,0,0,0.0222,0.101
2,4,4,0,1,0,1,1,0,1,-0.443,-0.318
4,4,4,0,0,0,1,1,0,0,-0.0129,-0.13
4,4,4,0,0,0,1,1,0,1,-0.165,7.51e-26
4,4,4,1,0,0,1,1,0,0,-0.0279,-0.131
4,4,4,0,1,0,1,1,0,0,-0.0279,-0.131
4,4,4,0,1,0,1,1,0,1,-0.000212,-0.00448
6,4,4,0,0,0,1,1,0,0,0.00741,0.235
6,4,4,0,0,0,1,1,0,1,0.205,4.83e-28
6,4,4,1,0,0,1,1,0,0,0.0331,0.244
6,4,4,1,0,0,1,1,1,0,0.087,0.021
6,4,4,0,1,0,1,1,0,0,0.0331,0.244
6,4,4,0,1,0,1,1,0,1,0.087,0.021
3,4,5,0,0,0,1,1,0,0,-0.00824,-0.0855
3,4,5,0,0,0,1,1,1,0,0.289,0.261
3,4,5,1,0,0,1,1,0,0,-0.0173,-0.0863
3,4,5,1,0,0,1,1,1,0,0.485,0.699
3,4,5,0,1,0,1,1,0,0,-0.017,-0.0858
3,4,5,0,1,0,1,1,1,0,0.426,0.51
5,4,5,0,0,0,1,1,0,0,0.0119,0.133
5,4,5,0,0,0,1,1,1,0,0.0845,-0.187
5,4,5,1,0,0,1,1,0,0,0.0258,0.135
5,4,5,1,0,0,1,1,1,0,0.0262,-0.119
5,4,5,0,1,0,1,1,0,0,0.0255,0.134
5,4,5,0,1,0,1,1,1,0,0.0135,-0.148
7,4,5,0,0,0,1,1,0,0,-0.00529,-0.245
7,4,5,0,0,0,1,1,1,0,-0.0908,0.116
7,4,5,1,0,0,1,1,0,0,-0.0302,-0.257
7,4,5,1,0,0,1,1,1,0,-0.0757,0.0409
7,4,5,0,1,0,1,1,0,0,-0.0284,-0.252
2,4,6,0,0,0,1,1,0,0,0.00252,0.0296
2,4,6,0,0,0,1,1,1,0,4.36,1.37
2,4,6,1,0,0,1,1,0,0,0.00508,0.0299
2,4,6,1,0,0,1,1,1,0,2.23,0.684
2,4,6,0,1,0,1,1,0,0,0.00542,0.0296
2,4,6,0,1,0,1,1,1,0,3.02,0.721
4,4,6,0,0,0,1,1,0,0,0.00668,0.075
4,4,6,0,0,0,1,1,1,0,-0.116,-0.322
4,4,6,1,0,0,1,1,0,0,0.0139,0.0758
4,4,6,1,0,0,1,1,1,0,-0.228,-0.521
4,4,6,0,1,0,1,1,0,0,0.0136,0.075
4,4,6,0,1,0,1,1,1,0,-0.211,-0.413
6,4,6,0,0,0,1,1,0,0,-0.011,-0.136
6,4,6,0,0,0,1,1,1,0,-0.0254,0.185
6,4,6,1,0,0,1,1,0,0,-0.0239,-0.139
6,4,6,1,0,0,1,1,1,0,-0.0218,0.156
6,4,6,0,1,0,1,1,0,0,-0.0235,-0.137
6,4,6,0,1,0,1,1,1,0,0.0000175,0.17
3,4,7,0,0,0,1,1,0,0,-0.00321,-0.0414
3,4,7,0,0,0,1,1,1,0,-3.89,-1.14
3,4,7,1,0,0,1,1,0,0,-0.00644,-0.042
3,4,7,1,0,0,1,1,1,0,-2.76,-1.23
3,4,7,0,1,0,1,1,0,0,-0.0069,-0.0414
3,4,7,0,1,0,1,1,1,0,-3.37,-1.11
5,4,7,0,0,0,1,1,1,0,0.0726,0.342
5,4,7,1,0,0,1,1,0,0,-0.0117,-0.0689
5,4,7,1,0,0,1,1,1,0,0.137,0.475
5,4,7,0,1,0,1,1,0,0,-0.0114,-0.0681
5,4,7,0,1,0,1,1,1,0,0.138,0.391
7,4,7,0,0,0,1,1,0,0,0.0103,0.139
7,4,7,0,0,0,1,1,1,0,0.00734,-0.175
7,4,7,1,0,0,1,1,0,0,0.0224,0.142
7,4,7,1,0,0,1,1,1,0,0.0111,-0.168
7,4,7,0,1,0,1,1,0,0,0.0219,0.139
7,4,7,0,1,0,1,1,1,0,-0.0105,-0.172
2,5,5,0,0,0,1,1,0,0,-0.0076,-0.0862
2,5,5,0,0,0,1,1,0,1,2.38,-4.07e-26
2,5,5,1,0,0,1,1,0,0,-0.0157,-0.0866
2,5,5,1,0,0,1,1,1,0,1.11,0.48
2,5,5,0,1,0,1,1,0,0,-0.0157,-0.0866
2,5,5,0,1,0,1,1,0,1,1.11,0.48
4,5,5,0,0,0,1,1,0,0,0.0085,0.0978
4,5,5,0,0,0,1,1,0,1,-0.00684,9.27e-26
4,5,5,1,0,0,1,1,0,0,0.0177,0.0982
4,5,5,1,0,0,1,1,1,0,-0.138,-0.0187
4,5,5,0,1,0,1,1,0,0,0.0177,0.0982
4,5,5,0,1,0,1,1,0,1,-0.138,-0.0187
6,5,5,0,0,0,1,1,0,0,-0.0112,-0.142
6,5,5,0,0,0,1,1,0,1,-0.258,-2.67e-25
6,5,5,1,0,0,1,1,0,0,-0.0245,-0.144
6,5,5,1,0,0,1,1,1,0,-0.092,-0.0218
6,5,5,0,1,0,1,1,0,0,-0.0245,-0.144
6,5,5,0,1,0,1,1,0,1,-0.092,-0.0218
3,5,6,0,0,0,1,1,0,0,0.00578,0.071
3,5,6,0,0,0,1,1,1,0,-0.639,-0.163
3,5,6,1,0,0,1,1,0,0,0.012,0.0713
3,5,6,1,0,0,1,1,1,0,-0.945,-0.93
3,5,6,0,1,0,1,1,1,0,-0.834,-0.648
5,5,6,0,0,0,1,1,0,0,-0.00786,-0.0983
5,5,6,0,0,0,1,1,1,0,-0.032,0.173
5,5,6,1,0,0,1,1,0,0,-0.0163,-0.099
5,5,6,1,0,0,1,1,1,0,0.056,0.148
5,5,6,0,1,0,1,1,0,0,-0.0162,-0.0986
5,5,6,0,1,0,1,1,1,0,0.0565,0.159
7,5,6,0,0,0,1,1,0,0,0.0106,0.148
7,5,6,0,0,0,1,1,1,0,0.122,-0.167
7,5,6,1,0,0,1,1,0,0,0.0232,0.15
7,5,6,1,0,0,1,1,1,0,0.0894,-0.0686
7,5,6,0,1,0,1,1,0,0,0.023,0.149
7,5,6,0,1,0,1,1,1,0,0.0731,-0.102
2,5,7,0,0,0,1,1,0,0,-0.00206,-0.0279
2,5,7,0,0,0,1,1,1,0,-6.74,-2.07
2,5,7,1,0,0,1,1,0,0,-0.00409,-0.0281
2,5,7,1,0,0,1,1,1,0,-3.56,-1.14
2,5,7,0,1,0,1,1,0,0,-0.00436,-0.0279
2,5,7,0,1,0,1,1,1,0,-4.57,-1.17
4,5,7,0,0,0,1,1,0,0,-0.0045,-0.0592
4,5,7,0,0,0,1,1,1,0,0.232,0.296
4,5,7,1,0,0,1,1,0,0,-0.0093,-0.0595
4,5,7,1,0,0,1,1,1,0,0.439,0.606
4,5,7,0,1,0,1,1,0,0,-0.00905,-0.0592
4,5,7,0,1,0,1,1,1,0,0.384,0.46
6,5,7,0,0,0,1,1,0,0,0.00721,0.0974
6,5,7,0,0,0,1,1,1,0,0.00546,-0.196
6,5,7,1,0,0,1,1,0,0,0.0149,0.0982
6,5,7,1,0,0,1,1,1,0,-0.0211,-0.183
6,5,7,0,1,0,1,1,0,0,0.0148,0.0975
6,5,7,0,1,0,1,1,1,0,-0.0332,-0.188
2,6,6,0,0,0,1,1,0,1,-4.16,-2.25e-25
2,6,6,1,0,0,1,1,0,0,0.0119,0.0774
2,6,6,1,0,0,1,1,1,0,-2.02,-0.654
2,6,6,0,1,0,1,1,0,0,0.0119,0.0774
2,6,6,0,1,0,1,1,0,1,-2.02,-0.654
4,6,6,0,0,0,1,1,0,0,-0.00609,-0.0811
4,6,6,0,0,0,1,1,0,1,0.299,8.99e-25
4,6,6,1,0,0,1,1,0,0,-0.0125,-0.0813
4,6,6,1,0,0,1,1,1,0,0.353,0.0452
4,6,6,0,1,0,1,1,0,0,-0.0125,-0.0813
4,6,6,0,1,0,1,1,0,1,0.353,0.0452
6,6,6,0,0,0,1,1,0,0,0.00772,0.105
6,6,6,0,0,0,1,1,0,1,0.222,-6.76e-26
6,6,6,1,0,0,1,1,0,0,0.016,0.106
6,6,6,1,0,0,1,1,1,0,0.0506,0.0163
6,6,6,0,1,0,1,1,0,0,0.016,0.106
6,6,6,0,1,0,1,1,0,1,0.0506,0.0163
3,6,7,0,0,0,1,1,0,0,-0.00436,-0.0621
3,6,7,0,0,0,1,1,1,0,1.11,0.00858
3,6,7,1,0,0,1,1,0,0,-0.00896,-0.0623
3,6,7,1,0,0,1,1,1,0,1.55,1.2
3,6,7,0,1,0,1,1,0,0,-0.00882,-0.0621
3,6,7,0,1,0,1,1,1,0,1.39,0.819
5,6,7,0,0,0,1,1,0,0,0.0056,0.0801
5,6,7,0,0,0,1,1,1,0,-0.0672,-0.119
5,6,7,1,0,0,1,1,0,0,0.0115,0.0804
5,6,7,1,0,0,1,1,1,0,-0.185,-0.166
5,6,7,0,1,0,1,1,0,0,0.0114,0.0802
5,6,7,0,1,0,1,1,1,0,-0.171,-0.155
7,6,7,0,0,0,1,1,0,0,-0.00735,-0.108
7,6,7,0,0,0,1,1,1,0,-0.116,0.176
7,6,7,1,0,0,1,1,0,0,-0.0152,-0.109
7,6,7,1,0,0,1,1,1,0,-0.0697,0.0818
7,6,7,0,1,0,1,1,0,0,-0.0152,-0.108
7,6,7,0,1,0,1,1,1,0,-0.0567,0.11
2,7,7,0,0,0,1,1,0,0,-0.00463,-0.0706
2,7,7,0,0,0,1,1,0,1,6.44,1.14e-24
2,7,7,1,0,0,1,1,0,0,-0.00942,-0.0707
2,7,7,1,0,0,1,1,1,0,3.21,0.841
2,7,7,0,1,0,1,1,0,0,-0.00942,-0.0707
2,7,7,0,1,0,1,1,0,1,3.21,0.841
4,7,7,0,0,0,1,1,0,0,0.00464,0.0708
4,7,7,0,0,0,1,1,0,1,-0.71,3.54e-25
4,7,7,1,0,0,1,1,0,0,0.00944,0.0709
4,7,7,1,0,0,1,1,1,0,-0.644,-0.0738
4,7,7,0,1,0,1,1,0,0,0.00944,0.0709
4,7,7,0,1,0,1,1,0,1,-0.644,-0.0738
6,7,7,0,0,0,1,1,0,0,-0.00558,-0.0857
6,7,7,0,0,0,1,1,0,1,-0.116,-1.e-26
6,7,7,1,0,0,1,1,0,0,-0.0114,-0.086
6,7,7,1,0,0,1,1,1,0,0.0304,-0.00838
6,7,7,0,1,0,1,1,0,0,-0.0114,-0.086
6,7,7,0,1,0,1,1,0,1,0.0304,-0.00838
3,2,2,0,0,1,0,0,0,0,-1.92e-31,-1.64e-29
3,2,2,0,0,1,0,0,0,1,2.59e-26,0.0838
3,2,2,1,0,1,0,0,0,0,0.135,-0.0167
3,2,2,1,0,1,0,0,1,0,0.00559,-0.0805
3,2,2,0,1,1,0,0,0,0,-0.135,0.0167
3,2,2,0,1,1,0,0,0,1,-0.00559,0.0805
3,2,2,1,1,1,0,0,0,1,-2.2e-26,0.115
2,2,3,0,0,1,0,0,0,0,-0.0408,-0.162
2,2,3,0,0,1,0,0,1,0,-0.27,0.0117
2,2,3,1,0,1,0,0,0,0,-0.0274,-0.156
2,2,3,1,0,1,0,0,1,0,-0.693,-0.508
2,2,3,0,1,1,0,0,0,0,-0.0982,-0.146
2,2,3,0,1,1,0,0,1,0,-0.532,-0.245
4,2,3,0,0,1,0,0,0,0,0.0527,0.116
4,2,3,0,0,1,0,0,1,0,0.0379,0.116
4,2,3,1,0,1,0,0,0,0,-0.0809,0.102
4,2,3,1,0,1,0,0,1,0,0.0762,0.0976
4,2,3,0,1,1,0,0,0,0,0.168,0.0943
4,2,3,0,1,1,0,0,1,0,0.104,0.103
3,2,4,0,0,1,0,0,0,0,0.0404,0.206
3,2,4,0,0,1,0,0,1,0,0.134,0.135
3,2,4,1,0,1,0,0,0,0,0.0166,0.199
3,2,4,1,0,1,0,0,1,0,0.513,0.307
3,2,4,0,1,1,0,0,0,0,0.0985,0.192
3,2,4,0,1,1,0,0,1,0,0.315,0.225
5,2,4,0,0,1,0,0,0,0,-0.0701,-0.189
5,2,4,0,0,1,0,0,1,0,-0.0407,-0.151
5,2,4,1,0,1,0,0,0,0,0.0728,-0.164
5,2,4,1,0,1,0,0,1,0,-0.0863,-0.139
5,2,4,0,1,1,0,0,0,0,-0.175,-0.167
5,2,4,0,1,1,0,0,1,0,-0.101,-0.145
4,2,5,0,0,1,0,0,0,0,-0.0377,-0.235
4,2,5,0,0,1,0,0,1,0,-0.0906,-0.215
4,2,5,1,0,1,0,0,0,0,-0.00582,-0.228
4,2,5,1,0,1,0,0,1,0,-0.437,-0.309
4,2,5,0,1,1,0,0,0,0,-0.093,-0.224
4,2,5,0,1,1,0,0,1,0,-0.238,-0.269
6,2,5,0,0,1,0,0,0,0,0.0784,0.241
6,2,5,0,0,1,0,0,1,0,0.0402,0.18
6,2,5,1,0,1,0,0,0,0,-0.0775,0.21
6,2,5,1,0,1,0,0,1,0,0.0919,0.17
6,2,5,0,1,1,0,0,0,0,0.176,0.221
6,2,5,0,1,1,0,0,1,0,0.0963,0.177
5,2,6,0,0,1,0,0,0,0,0.0349,0.259
5,2,6,0,0,1,0,0,1,0,0.0666,0.268
5,2,6,1,0,1,0,0,0,0,-0.0036,0.251
5,2,6,1,0,1,0,0,1,0,0.4,0.33
5,2,6,0,1,1,0,0,0,0,0.087,0.249
5,2,6,0,1,1,0,0,1,0,0.194,0.309
7,2,6,0,0,1,0,0,0,0,-0.0832,-0.282
7,2,6,0,0,1,0,0,1,0,-0.039,-0.205
7,2,6,1,0,1,0,0,0,0,0.0866,-0.248
7,2,6,1,0,1,0,0,1,0,-0.0958,-0.196
7,2,6,0,1,1,0,0,0,0,-0.175,-0.263
7,2,6,0,1,1,0,0,1,0,-0.0914,-0.204
6,2,7,0,0,1,0,0,0,0,-0.0324,-0.279
6,2,7,0,0,1,0,0,1,0,-0.0502,-0.31
6,2,7,1,0,1,0,0,0,0,0.0118,-0.27
6,2,7,1,0,1,0,0,1,0,-0.38,-0.353
6,2,7,0,1,1,0,0,0,0,-0.0816,-0.27
6,2,7,0,1,1,0,0,1,0,-0.165,-0.343
3,3,3,0,0,1,0,0,0,0,4.65e-32,9.35e-32
3,3,3,0,0,1,0,0,0,1,-2.e-25,0.105
3,3,3,1,0,1,0,0,0,0,-0.0353,0.00448
3,3,3,1,0,1,0,0,1,0,0.0457,-0.0881
3,3,3,0,1,1,0,0,0,0,0.0353,-0.00448
3,3,3,0,1,1,0,0,0,1,-0.0457,0.0881
5,3,3,0,0,1,0,0,0,0,-1.22e-30,1.86e-30
5,3,3,0,0,1,0,0,0,1,-9.15e-27,0.0854
5,3,3,1,0,1,0,0,0,0,0.105,0.00242
5,3,3,1,0,1,0,0,1,0,0.0133,-0.075
5,3,3,0,1,1,0,0,0,0,-0.105,-0.00242
5,3,3,0,1,1,0,0,0,1,-0.0133,0.075
2,3,4,0,0,1,0,0,0,0,0.0173,0.117
2,3,4,0,0,1,0,0,1,0,0.522,-0.527
2,3,4,1,0,1,0,0,0,0,0.0176,0.115
2,3,4,1,0,1,0,0,1,0,1.63,0.234
2,3,4,0,1,1,0,0,0,0,0.0446,0.113
2,3,4,0,1,1,0,0,1,0,1.14,-0.121
4,3,4,0,0,1,0,0,0,0,-0.00916,-0.0684
4,3,4,0,0,1,0,0,1,0,-0.0445,0.0169
4,3,4,1,0,1,0,0,0,0,0.0228,-0.0695
4,3,4,1,0,1,0,0,1,0,-0.134,0.0541
4,3,4,0,1,1,0,0,0,0,-0.0489,-0.0633
4,3,4,0,1,1,0,0,1,0,-0.107,0.0382
6,3,4,0,0,1,0,0,0,0,0.0139,0.0686
6,3,4,0,0,1,0,0,1,0,0.00992,0.0905
6,3,4,1,0,1,0,0,0,0,-0.0929,0.0578
6,3,4,1,0,1,0,0,1,0,0.0084,0.0827
6,3,4,0,1,1,0,0,0,0,0.108,0.0686
6,3,4,0,1,1,0,0,1,0,0.0314,0.0837
3,3,5,0,0,1,0,0,0,0,-0.0168,-0.143
3,3,5,0,0,1,0,0,1,0,-0.24,0.163
3,3,5,1,0,1,0,0,0,0,-0.0135,-0.14
3,3,5,1,0,1,0,0,1,0,-0.854,0.0271
3,3,5,0,1,1,0,0,0,0,-0.0457,-0.139
3,3,5,0,1,1,0,0,1,0,-0.524,0.0877
5,3,5,0,0,1,0,0,0,0,0.0114,0.109
5,3,5,0,0,1,0,0,1,0,0.0457,0.0365
5,3,5,1,0,1,0,0,0,0,-0.0215,0.108
5,3,5,1,0,1,0,0,1,0,0.121,0.0135
5,3,5,0,1,1,0,0,0,0,0.0514,0.104
5,3,5,0,1,1,0,0,1,0,0.0976,0.0251
7,3,5,0,0,1,0,0,0,0,-0.0184,-0.115
7,3,5,0,0,1,0,0,1,0,-0.0139,-0.1
7,3,5,1,0,1,0,0,0,0,0.0945,-0.1
7,3,5,1,0,1,0,0,1,0,-0.0188,-0.094
7,3,5,0,1,1,0,0,0,0,-0.105,-0.115
7,3,5,0,1,1,0,0,1,0,-0.0368,-0.0955
4,3,6,0,0,1,0,0,0,0,0.0151,0.158
4,3,6,0,0,1,0,0,1,0,0.173,-0.0179
4,3,6,1,0,1,0,0,0,0,0.00865,0.155
4,3,6,1,0,1,0,0,1,0,0.632,0.0314
4,3,6,0,1,1,0,0,0,0,0.0434,0.155
4,3,6,0,1,1,0,0,1,0,0.366,0.0122
6,3,6,0,0,1,0,0,0,0,-0.0115,-0.136
6,3,6,0,0,1,0,0,1,0,-0.0452,-0.0714
6,3,6,1,0,1,0,0,0,0,0.0239,-0.135
6,3,6,1,0,1,0,0,1,0,-0.118,-0.0543
6,3,6,0,1,1,0,0,0,0,-0.0504,-0.132
6,3,6,0,1,1,0,0,1,0,-0.0923,-0.0642
5,3,7,0,0,1,0,0,0,0,-0.0133,-0.169
5,3,7,0,0,1,0,0,1,0,-0.143,-0.0621
5,3,7,1,0,1,0,0,0,0,-0.00425,-0.166
5,3,7,1,0,1,0,0,1,0,-0.536,-0.0852
5,3,7,0,1,1,0,0,0,0,-0.0404,-0.167
5,3,7,0,1,1,0,0,1,0,-0.296,-0.0791
7,3,7,0,0,1,0,0,0,0,0.0107,0.158
7,3,7,0,0,1,0,0,1,0,0.0443,0.0975
7,3,7,1,0,1,0,0,0,0,-0.0275,0.155
7,3,7,1,0,1,0,0,1,0,0.116,0.0833
7,3,7,0,1,1,0,0,0,0,0.0483,0.154
7,3,7,0,1,1,0,0,1,0,0.0881,0.0927
3,4,4,0,0,1,0,0,0,0,-3.5e-32,6.97e-33
3,4,4,0,0,1,0,0,0,1,5.51e-26,-0.323
3,4,4,1,0,1,0,0,0,0,0.0156,-0.00137
3,4,4,1,0,1,0,0,1,0,-0.0855,0.266
3,4,4,0,1,1,0,0,0,0,-0.0156,0.00137
3,4,4,0,1,1,0,0,0,1,0.0855,-0.266
5,4,4,0,0,1,0,0,0,0,1.08e-32,-3.1e-32
5,4,4,0,0,1,0,0,0,1,-2.36e-26,-0.00582
5,4,4,1,0,1,0,0,0,0,-0.0343,0.00242
5,4,4,1,0,1,0,0,1,0,-0.000197,-0.0126
5,4,4,0,1,1,0,0,0,0,0.0343,-0.00242
5,4,4,0,1,1,0,0,0,1,0.000197,0.0126
7,4,4,0,0,1,0,0,0,1,4.54e-27,0.0805
7,4,4,1,0,1,0,0,1,0,0.00971,-0.0767
7,4,4,0,1,1,0,0,0,0,-0.0934,-0.00729
7,4,4,0,1,1,0,0,0,1,-0.00971,0.0767
2,4,5,0,0,1,0,0,0,0,-0.0106,-0.0972
2,4,5,0,0,1,0,0,1,0,-0.824,1.21
2,4,5,1,0,1,0,0,0,0,-0.0131,-0.0959
2,4,5,1,0,1,0,0,1,0,-2.74,0.212
2,4,5,0,1,1,0,0,0,0,-0.027,-0.0955
2,4,5,0,1,1,0,0,1,0,-1.97,0.605
4,4,5,0,0,1,0,0,0,0,0.00483,0.052
4,4,5,0,0,1,0,0,1,0,0.0569,-0.154
4,4,5,1,0,1,0,0,0,0,-0.00813,0.0523
4,4,5,1,0,1,0,0,1,0,0.199,-0.219
4,4,5,0,1,1,0,0,0,0,0.0251,0.0502
4,4,5,0,1,1,0,0,1,0,0.141,-0.193
6,4,5,0,0,1,0,0,0,0,-0.00315,-0.0418
6,4,5,0,0,1,0,0,1,0,-0.0115,-0.0299
6,4,5,1,0,1,0,0,0,0,0.0301,-0.0428
6,4,5,1,0,1,0,0,1,0,-0.0227,-0.0158
6,4,5,0,1,1,0,0,0,0,-0.0376,-0.0393
6,4,5,0,1,1,0,0,1,0,-0.028,-0.0189
3,4,6,0,0,1,0,0,0,0,0.0106,0.116
3,4,6,0,0,1,0,0,1,0,0.332,-0.491
3,4,6,1,0,1,0,0,0,0,0.0115,0.115
3,4,6,1,0,1,0,0,1,0,1.19,-0.405
3,4,6,0,1,1,0,0,0,0,0.0285,0.115
3,4,6,0,1,1,0,0,1,0,0.759,-0.43
5,4,6,0,0,1,0,0,0,0,-0.00618,-0.0821
5,4,6,0,0,1,0,0,1,0,-0.0537,0.0647
5,4,6,1,0,1,0,0,0,0,0.00658,-0.0818
5,4,6,1,0,1,0,0,1,0,-0.157,0.102
5,4,6,0,1,1,0,0,0,0,-0.0277,-0.0804
5,4,6,0,1,1,0,0,1,0,-0.111,0.085
7,4,6,0,0,1,0,0,0,0,0.00404,0.0707
7,4,6,0,0,1,0,0,1,0,0.0156,0.0482
7,4,6,1,0,1,0,0,0,0,-0.03,0.0709
7,4,6,1,0,1,0,0,1,0,0.0311,0.0386
7,4,6,0,1,1,0,0,0,0,0.0378,0.0685
7,4,6,0,1,1,0,0,1,0,0.0346,0.0416
4,4,7,0,0,1,0,0,0,0,-0.00976,-0.126
4,4,7,0,0,1,0,0,1,0,-0.226,0.235
4,4,7,1,0,1,0,0,0,0,-0.00888,-0.125
4,4,7,1,0,1,0,0,1,0,-0.798,0.234
4,4,7,0,1,1,0,0,0,0,-0.0276,-0.125
4,4,7,0,1,1,0,0,1,0,-0.483,0.225
6,4,7,0,0,1,0,0,0,0,0.0063,0.102
6,4,7,0,0,1,0,0,1,0,0.0512,-0.0143
6,4,7,1,0,1,0,0,0,0,-0.00711,0.102
6,4,7,1,0,1,0,0,1,0,0.142,-0.0402
6,4,7,0,1,1,0,0,0,0,0.028,0.101
6,4,7,0,1,1,0,0,1,0,0.1,-0.0265
3,5,5,0,0,1,0,0,0,0,-2.71e-34,2.77e-34
3,5,5,0,0,1,0,0,0,1,3.15e-26,0.614
3,5,5,1,0,1,0,0,0,0,-0.00865,0.000564
3,5,5,1,0,1,0,0,1,0,0.118,-0.492
3,5,5,0,1,1,0,0,0,0,0.00865,-0.000564
3,5,5,0,1,1,0,0,0,1,-0.118,0.492
5,5,5,0,0,1,0,0,0,0,-2.48e-33,3.28e-34
5,5,5,0,0,1,0,0,0,1,-2.64e-26,-0.0817
5,5,5,1,0,1,0,0,0,0,0.0168,-0.00105
5,5,5,1,0,1,0,0,1,0,-0.00862,0.112
5,5,5,0,1,1,0,0,0,0,-0.0168,0.00105
5,5,5,0,1,1,0,0,0,1,0.00862,-0.112
7,5,5,0,0,1,0,0,0,0,9.21e-34,-9.58e-34
7,5,5,0,0,1,0,0,0,1,7.e-27,-0.0372
7,5,5,1,0,1,0,0,0,0,-0.0328,0.00135
7,5,5,1,0,1,0,0,1,0,-0.00403,0.0304
7,5,5,0,1,1,0,0,0,0,0.0328,-0.00135
7,5,5,0,1,1,0,0,0,1,0.00403,-0.0304
2,5,6,0,0,1,0,0,0,0,0.00752,0.0854
2,5,6,0,0,1,0,0,1,0,1.21,-2.11
2,5,6,1,0,1,0,0,0,0,0.0104,0.0846
2,5,6,1,0,1,0,0,1,0,4.14,-0.812
2,5,6,0,1,1,0,0,0,0,0.0187,0.0845
2,5,6,0,1,1,0,0,1,0,3.08,-1.25
4,5,6,0,0,1,0,0,0,0,-0.00337,-0.0439
4,5,6,0,0,1,0,0,1,0,-0.0742,0.317
4,5,6,1,0,1,0,0,0,0,0.0032,-0.0439
4,5,6,1,0,1,0,0,1,0,-0.279,0.421
4,5,6,0,1,1,0,0,0,0,-0.0158,-0.043
4,5,6,0,1,1,0,0,1,0,-0.194,0.384
6,5,6,0,0,1,0,0,0,0,0.00199,0.033
6,5,6,0,0,1,0,0,1,0,0.0134,-0.0351
6,5,6,1,0,1,0,0,0,0,-0.0136,0.0336
6,5,6,1,0,1,0,0,1,0,0.0354,-0.0579
6,5,6,0,1,1,0,0,0,0,0.0202,0.0319
6,5,6,0,1,1,0,0,1,0,0.0288,-0.0527
3,5,7,0,0,1,0,0,0,0,-0.00775,-0.101
3,5,7,0,0,1,0,0,1,0,-0.438,0.89
3,5,7,1,0,1,0,0,0,0,-0.00971,-0.1
3,5,7,1,0,1,0,0,1,0,-1.59,0.858
3,5,7,0,1,1,0,0,0,0,-0.0202,-0.1
3,5,7,0,1,1,0,0,1,0,-1.06,0.85
5,5,7,0,0,1,0,0,0,0,0.00448,0.0689
5,5,7,0,0,1,0,0,1,0,0.0646,-0.175
5,5,7,1,0,1,0,0,0,0,-0.00167,0.0687
5,5,7,1,0,1,0,0,1,0,0.199,-0.232
5,5,7,0,1,1,0,0,0,0,0.0183,0.0681
5,5,7,0,1,1,0,0,1,0,0.136,-0.208
7,5,7,0,0,1,0,0,0,0,-0.00271,-0.0561
7,5,7,0,0,1,0,0,1,0,-0.0176,0.0055
7,5,7,1,0,1,0,0,0,0,0.0127,-0.0563
7,5,7,1,0,1,0,0,1,0,-0.0415,0.0199
7,5,7,0,1,1,0,0,0,0,-0.0214,-0.055
7,5,7,0,1,1,0,0,1,0,-0.0351,0.0152
3,6,6,0,0,1,0,0,0,0,-1.13e-35,-1.68e-35
3,6,6,0,0,1,0,0,0,1,-8.e-25,-0.987
3,6,6,1,0,1,0,0,0,0,0.00543,-0.000281
3,6,6,1,0,1,0,0,1,0,-0.149,0.79
3,6,6,0,1,1,0,0,0,0,-0.00543,0.000281
3,6,6,0,1,1,0,0,0,1,0.149,-0.79
5,6,6,0,0,1,0,0,0,0,1.04e-35,-2.3e-35
5,6,6,0,0,1,0,0,0,1,0.,0.183
5,6,6,1,0,1,0,0,0,0,-0.00995,0.000512
5,6,6,1,0,1,0,0,1,0,0.0163,-0.228
5,6,6,0,1,1,0,0,0,0,0.00995,-0.000512
5,6,6,0,1,1,0,0,0,1,-0.0163,0.228
7,6,6,0,0,1,0,0,0,0,-1.52e-33,-4.93e-34
7,6,6,0,0,1,0,0,0,1,0.,-0.0113
7,6,6,1,0,1,0,0,0,0,0.0168,-0.000797
7,6,6,1,0,1,0,0,1,0,-0.000131,0.0224
7,6,6,0,1,1,0,0,0,0,-0.0168,0.000797
2,6,7,0,0,1,0,0,0,0,-0.00574,-0.0773
2,6,7,0,0,1,0,0,1,0,-1.71,3.26
2,6,7,1,0,1,0,0,0,0,-0.00847,-0.0768
2,6,7,1,0,1,0,0,1,0,-5.88,1.59
2,6,7,0,1,1,0,0,0,0,-0.0139,-0.0768
2,6,7,0,1,1,0,0,1,0,-4.52,2.07
4,6,7,0,0,1,0,0,0,0,0.00258,0.0388
4,6,7,0,0,1,0,0,1,0,0.0963,-0.516
4,6,7,1,0,1,0,0,0,0,-0.00114,0.0388
4,6,7,1,0,1,0,0,1,0,0.377,-0.67
4,6,7,0,1,1,0,0,0,0,0.0111,0.0383
4,6,7,0,1,1,0,0,1,0,0.265,-0.621
6,6,7,0,0,1,0,0,0,0,-0.00155,-0.0283
6,6,7,0,0,1,0,0,1,0,-0.0159,0.107
6,6,7,1,0,1,0,0,0,0,0.00734,-0.0286
6,6,7,1,0,1,0,0,1,0,-0.0482,0.141
6,6,7,0,1,1,0,0,0,0,-0.0131,-0.0277
6,6,7,0,1,1,0,0,1,0,-0.0325,0.133
3,7,7,0,0,1,0,0,0,0,-1.35e-35,1.14e-35
3,7,7,0,0,1,0,0,0,1,-3.e-26,1.45
3,7,7,1,0,1,0,0,0,0,-0.00369,0.000159
3,7,7,1,0,1,0,0,1,0,0.18,-1.17
3,7,7,0,1,1,0,0,0,0,0.00369,-0.000159
3,7,7,0,1,1,0,0,0,1,-0.18,1.17
5,7,7,0,0,1,0,0,0,0,-1.26e-34,-7.61e-35
5,7,7,0,0,1,0,0,0,1,0.,-0.302
5,7,7,1,0,1,0,0,0,0,0.00656,-0.000282
5,7,7,1,0,1,0,0,1,0,-0.0236,0.361
5,7,7,0,1,1,0,0,0,0,-0.00656,0.000282
5,7,7,0,1,1,0,0,0,1,0.0236,-0.361
7,7,7,0,0,1,0,0,0,0,5.15e-35,-1.06e-34
7,7,7,0,0,1,0,0,0,1,0.,0.0641
7,7,7,1,0,1,0,0,0,0,-0.0103,0.000434
7,7,7,1,0,1,0,0,1,0,0.00335,-0.0806
7,7,7,0,1,1,0,0,0,0,0.0103,-0.000434
7,7,7,0,1,1,0,0,0,1,-0.00335,0.0806
2,2,2,0,0,1,0,1,0,0,0.0383,0.211
2,2,2,0,0,1,0,1,0,1,-0.00579,-0.355
2,2,2,1,0,1,0,1,0,0,0.0748,0.224
2,2,2,1,0,1,0,1,1,0,-0.144,0.394
2,2,2,0,1,1,0,1,0,0,0.0976,0.21
2,2,2,0,1,1,0,1,0,1,0.0542,-0.402
4,2,2,0,0,1,0,1,0,0,0.82,-0.0687
4,2,2,0,0,1,0,1,0,1,-0.000897,-0.0136
4,2,2,1,0,1,0,1,0,0,0.794,-0.113
4,2,2,1,0,1,0,1,1,0,0.0102,-0.0141
4,2,2,0,1,1,0,1,0,0,0.768,-0.103
4,2,2,0,1,1,0,1,0,1,0.0117,-0.0172
3,2,3,0,0,1,0,1,0,0,-0.00326,-0.161
3,2,3,0,0,1,0,1,1,0,0.00603,-0.263
3,2,3,1,0,1,0,1,0,0,-0.059,-0.185
3,2,3,1,0,1,0,1,1,0,0.114,-0.409
3,2,3,0,1,1,0,1,0,0,-0.0143,-0.172
3,2,3,0,1,1,0,1,1,0,0.0154,-0.304
5,2,3,0,0,1,0,1,0,0,-1.32,0.121
5,2,3,0,0,1,0,1,1,0,-0.021,-0.0275
5,2,3,1,0,1,0,1,0,0,-1.26,0.195
5,2,3,1,0,1,0,1,1,0,-0.034,0.0202
5,2,3,0,1,1,0,1,0,0,-1.32,0.171
5,2,3,0,1,1,0,1,1,0,-0.0521,0.0018
2,2,4,0,0,1,0,1,0,0,0.0173,0.0931
2,2,4,0,0,1,0,1,1,0,-1.25,-0.291
2,2,4,1,0,1,0,1,0,0,-0.00658,0.0864
2,2,4,1,0,1,0,1,1,0,-0.6,-0.106
2,2,4,0,1,1,0,1,0,0,0.0503,0.0853
2,2,4,0,1,1,0,1,1,0,-0.993,-0.0892
4,2,4,0,0,1,0,1,0,0,-0.0206,0.117
4,2,4,0,0,1,0,1,1,0,-0.0144,0.211
4,2,4,1,0,1,0,1,0,0,0.0612,0.156
4,2,4,1,0,1,0,1,1,0,-0.125,0.364
4,2,4,0,1,1,0,1,0,0,-0.0353,0.133
4,2,4,0,1,1,0,1,1,0,-0.0363,0.24
6,2,4,0,0,1,0,1,0,0,1.81,-0.141
6,2,4,0,0,1,0,1,1,0,0.0373,0.0573
6,2,4,1,0,1,0,1,0,0,1.73,-0.267
6,2,4,1,0,1,0,1,1,0,0.0747,0.00339
6,2,4,0,1,1,0,1,0,0,1.84,-0.194
6,2,4,0,1,1,0,1,1,0,0.0799,0.0344
3,2,5,0,0,1,0,1,0,0,-0.0214,-0.153
3,2,5,0,0,1,0,1,1,0,1.87,0.341
3,2,5,1,0,1,0,1,0,0,0.0235,-0.14
3,2,5,1,0,1,0,1,1,0,1.1,0.227
3,2,5,0,1,1,0,1,0,0,-0.0675,-0.144
3,2,5,0,1,1,0,1,1,0,1.63,0.203
5,2,5,0,0,1,0,1,0,0,0.0397,-0.0774
5,2,5,0,0,1,0,1,1,0,0.0182,-0.172
5,2,5,1,0,1,0,1,0,0,-0.0726,-0.135
5,2,5,1,0,1,0,1,1,0,0.152,-0.34
5,2,5,0,1,1,0,1,0,0,0.071,-0.0962
5,2,5,0,1,1,0,1,1,0,0.0529,-0.192
7,2,5,0,0,1,0,1,0,0,-2.32,0.15
7,2,5,0,0,1,0,1,1,0,-0.051,-0.0941
7,2,5,1,0,1,0,1,0,0,-2.21,0.34
7,2,5,1,0,1,0,1,1,0,-0.113,-0.0312
7,2,5,0,1,1,0,1,0,0,-2.36,0.204
7,2,5,0,1,1,0,1,1,0,-0.103,-0.0746
4,2,6,0,0,1,0,1,0,0,0.0223,0.212
4,2,6,0,0,1,0,1,1,0,-2.42,-0.358
4,2,6,1,0,1,0,1,0,0,-0.0451,0.191
4,2,6,1,0,1,0,1,1,0,-1.6,-0.341
4,2,6,0,1,1,0,1,0,0,0.0776,0.202
4,2,6,0,1,1,0,1,1,0,-2.2,-0.267
6,2,6,0,0,1,0,1,0,0,-0.0564,0.0408
6,2,6,0,0,1,0,1,1,0,-0.0186,0.139
6,2,6,1,0,1,0,1,0,0,0.0898,0.119
6,2,6,1,0,1,0,1,1,0,-0.184,0.328
6,2,6,0,1,1,0,1,0,0,-0.0998,0.0614
5,2,7,0,0,1,0,1,0,0,-0.0215,-0.271
5,2,7,0,0,1,0,1,1,0,2.97,0.367
5,2,7,1,0,1,0,1,0,0,0.0702,-0.242
5,2,7,1,0,1,0,1,1,0,2.12,0.449
5,2,7,0,1,1,0,1,0,0,-0.0842,-0.261
5,2,7,0,1,1,0,1,1,0,2.77,0.304
7,2,7,0,0,1,0,1,0,0,0.072,-0.00575
7,2,7,0,0,1,0,1,1,0,0.0169,-0.109
7,2,7,1,0,1,0,1,0,0,-0.111,-0.106
7,2,7,1,0,1,0,1,1,0,0.219,-0.322
7,2,7,0,1,1,0,1,0,0,0.125,-0.0277
7,2,7,0,1,1,0,1,1,0,0.0713,-0.119
3,3,2,0,0,1,0,1,0,0,-0.0244,-0.206
3,3,2,0,0,1,0,1,0,1,0.0151,0.279
3,3,2,1,0,1,0,1,0,0,-0.0538,-0.213
3,3,2,1,0,1,0,1,0,1,0.0441,0.322
3,3,2,0,1,1,0,1,0,0,-0.0728,-0.218
3,3,2,0,1,1,0,1,0,1,-0.0361,0.403
5,3,2,0,0,1,0,1,0,0,-1.05,0.157
5,3,2,0,0,1,0,1,0,1,0.00607,0.0309
5,3,2,1,0,1,0,1,0,0,-1.06,0.207
5,3,2,1,0,1,0,1,0,1,0.018,0.0348
5,3,2,0,1,1,0,1,0,0,-0.977,0.193
5,3,2,0,1,1,0,1,0,1,0.0159,0.0376
2,3,3,0,0,1,0,1,0,0,-0.0216,-0.138
2,3,3,0,0,1,0,1,0,1,0.00284,0.546
2,3,3,1,0,1,0,1,0,0,-0.0353,-0.139
2,3,3,1,0,1,0,1,1,0,0.128,-0.599
2,3,3,0,1,1,0,1,0,0,-0.0508,-0.135
2,3,3,0,1,1,0,1,0,1,-0.0846,0.599
4,3,3,0,0,1,0,1,0,0,0.00874,0.197
4,3,3,0,0,1,0,1,0,1,0.000143,-0.158
4,3,3,1,0,1,0,1,0,0,0.0435,0.208
4,3,3,1,0,1,0,1,1,0,-0.0329,0.181
4,3,3,0,1,1,0,1,0,0,0.031,0.207
4,3,3,0,1,1,0,1,0,1,0.0164,-0.17
6,3,3,0,0,1,0,1,0,0,1.45,-0.28
6,3,3,0,0,1,0,1,0,1,-0.000658,-0.0281
6,3,3,1,0,1,0,1,0,0,1.45,-0.37
6,3,3,1,0,1,0,1,1,0,-0.0115,0.0207
6,3,3,0,1,1,0,1,0,0,1.45,-0.354
6,3,3,0,1,1,0,1,0,1,-0.000628,-0.0201
3,3,4,0,0,1,0,1,0,0,0.0121,0.102
3,3,4,0,0,1,0,1,1,0,0.0219,0.391
3,3,4,1,0,1,0,1,0,0,0.0295,0.105
3,3,4,1,0,1,0,1,1,0,-0.0594,0.572
3,3,4,0,1,1,0,1,0,0,0.0228,0.103
3,3,4,0,1,1,0,1,1,0,0.0249,0.474
5,3,4,0,0,1,0,1,0,0,0.00309,-0.18
5,3,4,0,0,1,0,1,1,0,0.00303,-0.128
5,3,4,1,0,1,0,1,0,0,-0.0403,-0.198
5,3,4,1,0,1,0,1,1,0,0.0198,-0.163
5,3,4,0,1,1,0,1,0,0,-0.00246,-0.19
5,3,4,0,1,1,0,1,1,0,-0.0061,-0.151
7,3,4,0,0,1,0,1,0,0,-1.76,0.331
7,3,4,0,0,1,0,1,1,0,-0.00664,-0.0336
7,3,4,1,0,1,0,1,0,0,-1.78,0.481
7,3,4,1,0,1,0,1,1,0,-0.00448,-0.0209
7,3,4,0,1,1,0,1,0,0,-1.79,0.409
7,3,4,0,1,1,0,1,1,0,-0.0162,-0.0232
2,3,5,0,0,1,0,1,0,0,-0.00659,-0.0615
2,3,5,0,0,1,0,1,1,0,2.08,0.777
2,3,5,1,0,1,0,1,0,0,0.00027,-0.0599
2,3,5,1,0,1,0,1,1,0,1.09,0.414
2,3,5,0,1,1,0,1,0,0,-0.0225,-0.0595
2,3,5,0,1,1,0,1,1,0,1.57,0.436
4,3,5,0,0,1,0,1,0,0,-0.00699,-0.0709
4,3,5,0,0,1,0,1,1,0,-0.0142,-0.327
4,3,5,1,0,1,0,1,0,0,-0.0303,-0.075
4,3,5,1,0,1,0,1,1,0,0.041,-0.479
4,3,5,0,1,1,0,1,0,0,-0.00601,-0.0724
4,3,5,0,1,1,0,1,1,0,-0.023,-0.381
6,3,5,0,0,1,0,1,0,0,-0.0123,0.166
6,3,5,0,0,1,0,1,1,0,-0.00932,0.109
6,3,5,1,0,1,0,1,0,0,0.0424,0.19
6,3,5,1,0,1,0,1,1,0,-0.0305,0.145
6,3,5,0,1,1,0,1,0,0,-0.0181,0.175
6,3,5,0,1,1,0,1,1,0,-0.00747,0.127
3,3,6,0,0,1,0,1,0,0,0.00767,0.0959
3,3,6,0,0,1,0,1,1,0,-2.61,-0.818
3,3,6,1,0,1,0,1,0,0,-0.00588,0.0928
3,3,6,1,0,1,0,1,1,0,-1.76,-0.766
3,3,6,0,1,1,0,1,0,0,0.0299,0.0937
3,3,6,0,1,1,0,1,1,0,-2.27,-0.71
5,3,6,0,0,1,0,1,0,0,0.00441,0.0439
5,3,6,0,0,1,0,1,1,0,0.00748,0.294
5,3,6,1,0,1,0,1,0,0,0.035,0.0504
5,3,6,1,0,1,0,1,1,0,-0.0529,0.435
5,3,6,0,1,1,0,1,0,0,-0.0045,0.046
5,3,6,0,1,1,0,1,1,0,0.00821,0.333
7,3,6,0,0,1,0,1,0,0,0.02,-0.153
7,3,6,0,0,1,0,1,1,0,0.0154,-0.0941
7,3,6,1,0,1,0,1,0,0,-0.048,-0.185
7,3,6,1,0,1,0,1,1,0,0.0437,-0.132
7,3,6,0,1,1,0,1,0,0,0.0342,-0.163
7,3,6,0,1,1,0,1,1,0,0.0199,-0.109
4,3,7,0,0,1,0,1,0,0,-0.00735,-0.127
4,3,7,0,0,1,0,1,1,0,2.9,0.797
4,3,7,1,0,1,0,1,0,0,0.0135,-0.122
4,3,7,1,0,1,0,1,1,0,2.29,1.01
4,3,7,0,1,1,0,1,0,0,-0.034,-0.125
4,3,7,0,1,1,0,1,1,0,2.71,0.799
6,3,7,0,0,1,0,1,0,0,-0.00335,-0.0197
6,3,7,0,0,1,0,1,1,0,-0.00308,-0.274
6,3,7,1,0,1,0,1,0,0,-0.0422,-0.0289
6,3,7,1,0,1,0,1,1,0,0.0704,-0.415
6,3,7,0,1,1,0,1,0,0,0.0114,-0.0219
6,3,7,0,1,1,0,1,1,0,0.00446,-0.305
2,4,2,0,0,1,0,1,0,0,0.00354,0.0305
2,4,2,0,0,1,0,1,0,1,1.07,0.254
2,4,2,1,0,1,0,1,0,0,0.0078,0.0308
2,4,2,1,0,1,0,1,0,1,0.823,0.068
2,4,2,0,1,1,0,1,0,0,0.00843,0.0324
2,4,2,0,1,1,0,1,0,1,0.472,0.0758
4,4,2,0,0,1,0,1,0,0,0.019,0.213
4,4,2,0,0,1,0,1,0,1,-0.0153,-0.263
4,4,2,1,0,1,0,1,0,0,0.0448,0.218
4,4,2,1,0,1,0,1,0,1,-0.0478,-0.289
4,4,2,0,1,1,0,1,0,0,0.062,0.233
4,4,2,0,1,1,0,1,0,1,0.0123,-0.369
6,4,2,0,0,1,0,1,0,0,1.2,-0.223
6,4,2,0,0,1,0,1,0,1,-0.00558,-0.0403
6,4,2,1,0,1,0,1,0,0,1.22,-0.269
6,4,2,1,0,1,0,1,0,1,-0.0157,-0.0433
6,4,2,0,1,1,0,1,0,0,1.12,-0.267
6,4,2,0,1,1,0,1,0,1,-0.0126,-0.0492
3,4,3,0,0,1,0,1,0,0,0.0165,0.122
3,4,3,0,0,1,0,1,0,1,-0.0336,-0.397
3,4,3,1,0,1,0,1,0,0,0.0283,0.122
3,4,3,1,0,1,0,1,0,1,-0.0595,-0.479
3,4,3,0,1,1,0,1,0,0,0.0386,0.121
3,4,3,0,1,1,0,1,0,1,0.0172,-0.568
5,4,3,0,0,1,0,1,0,0,-0.00835,-0.215
5,4,3,0,0,1,0,1,0,1,0.00237,0.126
5,4,3,1,0,1,0,1,0,0,-0.0364,-0.223
5,4,3,1,0,1,0,1,0,1,0.0196,0.133
5,4,3,0,1,1,0,1,0,0,-0.0333,-0.228
5,4,3,0,1,1,0,1,0,1,-0.0112,0.137
7,4,3,0,0,1,0,1,0,0,-1.5,0.374
7,4,3,0,0,1,0,1,0,1,0.00392,0.0354
7,4,3,1,0,1,0,1,0,0,-1.51,0.453
7,4,3,1,0,1,0,1,0,1,0.014,0.0349
7,4,3,0,1,1,0,1,0,0,-1.51,0.481
7,4,3,0,1,1,0,1,0,1,0.00696,0.0342
2,4,4,0,0,1,0,1,0,0,0.0133,0.112
2,4,4,0,0,1,0,1,0,1,-0.00169,-0.763
2,4,4,1,0,1,0,1,0,0,0.0209,0.112
2,4,4,1,0,1,0,1,1,0,-0.129,0.826
2,4,4,0,1,1,0,1,0,0,0.0318,0.11
2,4,4,0,1,1,0,1,0,1,0.0989,-0.835
4,4,4,0,0,1,0,1,0,0,-0.0131,-0.125
4,4,4,0,0,1,0,1,0,1,-0.0000831,0.237
4,4,4,1,0,1,0,1,0,0,-0.0277,-0.127
4,4,4,1,0,1,0,1,1,0,0.0324,-0.266
4,4,4,0,1,1,0,1,0,0,-0.0276,-0.126
4,4,4,0,1,1,0,1,0,1,-0.0215,0.261
6,4,4,0,0,1,0,1,0,0,-0.0000915,0.208
6,4,4,0,0,1,0,1,0,1,0.000307,-0.0925
6,4,4,1,0,1,0,1,0,0,0.0317,0.219
6,4,4,1,0,1,0,1,1,0,-0.00727,0.0999
6,4,4,0,1,1,0,1,0,0,0.0126,0.219
6,4,4,0,1,1,0,1,0,1,0.0126,-0.0997
3,4,5,0,0,1,0,1,0,0,-0.00829,-0.0826
3,4,5,0,0,1,0,1,1,0,-0.0447,-0.516
3,4,5,1,0,1,0,1,0,0,-0.0169,-0.0831
3,4,5,1,0,1,0,1,1,0,0.0267,-0.746
3,4,5,0,1,1,0,1,0,0,-0.0169,-0.0824
3,4,5,0,1,1,0,1,1,0,-0.0526,-0.644
5,4,5,0,0,1,0,1,0,0,0.00984,0.114
5,4,5,0,0,1,0,1,1,0,0.00354,0.195
5,4,5,1,0,1,0,1,0,0,0.0273,0.116
5,4,5,1,0,1,0,1,1,0,-0.00947,0.232
5,4,5,0,1,1,0,1,0,0,0.0169,0.115
5,4,5,0,1,1,0,1,1,0,0.0223,0.221
7,4,5,0,0,1,0,1,0,0,0.00674,-0.202
7,4,5,0,0,1,0,1,1,0,0.00146,-0.077
7,4,5,1,0,1,0,1,0,0,-0.0306,-0.216
7,4,5,1,0,1,0,1,1,0,0.00798,-0.0867
7,4,5,0,1,1,0,1,0,0,0.00282,-0.211
7,4,5,0,1,1,0,1,1,0,-0.00573,-0.0846
2,4,6,0,0,1,0,1,0,0,0.00408,0.049
2,4,6,0,0,1,0,1,1,0,-2.93,-1.26
2,4,6,1,0,1,0,1,0,0,0.00132,0.0484
2,4,6,1,0,1,0,1,1,0,-1.6,-0.755
2,4,6,0,1,1,0,1,0,0,0.0137,0.0482
2,4,6,0,1,1,0,1,1,0,-2.15,-0.794
4,4,6,0,0,1,0,1,0,0,0.00539,0.0571
4,4,6,0,0,1,0,1,1,0,0.0368,0.42
4,4,6,1,0,1,0,1,0,0,0.0161,0.0581
4,4,6,1,0,1,0,1,1,0,0.0101,0.591
4,4,6,0,1,1,0,1,0,0,0.00708,0.0575
4,4,6,0,1,1,0,1,1,0,0.0639,0.498
6,4,6,0,0,1,0,1,0,0,-0.00768,-0.101
6,4,6,0,0,1,0,1,1,0,-0.000378,-0.174
6,4,6,1,0,1,0,1,0,0,-0.0288,-0.105
6,4,6,1,0,1,0,1,1,0,0.012,-0.208
6,4,6,0,1,1,0,1,0,0,-0.00903,-0.102
6,4,6,0,1,1,0,1,1,0,-0.0143,-0.193
3,4,7,0,0,1,0,1,0,0,-0.00489,-0.0745
3,4,7,0,0,1,0,1,1,0,3.28,1.19
3,4,7,1,0,1,0,1,0,0,0.000924,-0.0733
3,4,7,1,0,1,0,1,1,0,2.39,1.27
3,4,7,0,1,1,0,1,0,0,-0.0185,-0.0735
3,4,7,0,1,1,0,1,1,0,2.89,1.15
5,4,7,0,0,1,0,1,0,0,-0.00387,-0.0357
5,4,7,0,0,1,0,1,1,0,-0.0283,-0.376
5,4,7,1,0,1,0,1,0,0,-0.0175,-0.0374
5,4,7,1,0,1,0,1,1,0,-0.00222,-0.519
5,4,7,0,1,1,0,1,0,0,-0.000737,-0.0363
5,4,7,0,1,1,0,1,1,0,-0.0486,-0.429
7,4,7,0,0,1,0,1,0,0,0.00643,0.0888
7,4,7,0,0,1,0,1,1,0,-0.00348,0.16
7,4,7,1,0,1,0,1,0,0,0.0318,0.0937
7,4,7,1,0,1,0,1,1,0,-0.0191,0.194
7,4,7,0,1,1,0,1,0,0,0.00336,0.0902
7,4,7,0,1,1,0,1,1,0,0.00502,0.176
3,5,2,0,0,1,0,1,0,0,-0.00422,-0.0422
3,5,2,0,0,1,0,1,0,1,-1.38,-0.341
3,5,2,1,0,1,0,1,0,0,-0.00923,-0.0424
3,5,2,1,0,1,0,1,0,1,-1.19,-0.209
3,5,2,0,1,1,0,1,0,0,-0.0102,-0.0455
3,5,2,0,1,1,0,1,0,1,-0.751,-0.183
5,5,2,0,0,1,0,1,0,0,-0.0161,-0.225
5,5,2,0,0,1,0,1,0,1,0.0142,0.264
5,5,2,1,0,1,0,1,0,0,-0.0395,-0.228
5,5,2,1,0,1,0,1,0,1,0.0443,0.282
5,5,2,0,1,1,0,1,0,0,-0.0565,-0.251
5,5,2,0,1,1,0,1,0,1,-0.00698,0.361
7,5,2,0,0,1,0,1,0,0,-1.33,0.276
7,5,2,0,0,1,0,1,0,1,0.00497,0.0477
7,5,2,1,0,1,0,1,0,0,-1.34,0.316
7,5,2,1,0,1,0,1,0,1,0.0139,0.0502
7,5,2,0,1,1,0,1,0,0,-1.23,0.328
7,5,2,0,1,1,0,1,0,1,0.0105,0.058
2,5,3,0,0,1,0,1,0,0,-0.00331,-0.0315
2,5,3,0,0,1,0,1,0,1,-1.93,-0.748
2,5,3,1,0,1,0,1,0,0,-0.00681,-0.0316
2,5,3,1,0,1,0,1,0,1,-1.44,-0.411
2,5,3,0,1,1,0,1,0,0,-0.00715,-0.032
2,5,3,0,1,1,0,1,0,1,-0.982,-0.381
4,5,3,0,0,1,0,1,0,0,-0.0135,-0.113
4,5,3,0,0,1,0,1,0,1,0.0327,0.349
4,5,3,1,0,1,0,1,0,0,-0.024,-0.113
4,5,3,1,0,1,0,1,0,1,0.0727,0.398
4,5,3,0,1,1,0,1,0,0,-0.0311,-0.113
4,5,3,0,1,1,0,1,0,1,0.02,0.478
6,5,3,0,0,1,0,1,0,0,0.00739,0.231
6,5,3,0,0,1,0,1,0,1,-0.0031,-0.114
6,5,3,1,0,1,0,1,0,0,0.032,0.236
6,5,3,1,0,1,0,1,0,1,-0.0183,-0.119
6,5,3,0,1,1,0,1,0,0,0.0334,0.247
6,5,3,0,1,1,0,1,0,1,0.0049,-0.124
3,5,4,0,0,1,0,1,0,0,-0.0102,-0.0938
3,5,4,0,0,1,0,1,0,1,0.0525,0.519
3,5,4,1,0,1,0,1,0,0,-0.0166,-0.0938
3,5,4,1,0,1,0,1,0,1,0.0763,0.646
3,5,4,0,1,1,0,1,0,0,-0.0243,-0.093
3,5,4,0,1,1,0,1,0,1,0.00109,0.743
5,5,4,0,0,1,0,1,0,0,0.0123,0.132
5,5,4,0,0,1,0,1,0,1,-0.00669,-0.194
5,5,4,1,0,1,0,1,0,0,0.0253,0.132
5,5,4,1,0,1,0,1,0,1,-0.0305,-0.209
5,5,4,0,1,1,0,1,0,0,0.0266,0.133
5,5,4,0,1,1,0,1,0,1,0.00375,-0.216
7,5,4,0,0,1,0,1,0,0,-0.000418,-0.228
7,5,4,0,0,1,0,1,0,1,-0.00016,0.0761
7,5,4,1,0,1,0,1,0,0,-0.0268,-0.235
7,5,4,1,0,1,0,1,0,1,0.00657,0.0783
7,5,4,0,1,1,0,1,0,0,-0.0165,-0.24
7,5,4,0,1,1,0,1,0,1,-0.00915,0.0794
2,5,5,0,0,1,0,1,0,0,-0.00924,-0.0971
2,5,5,0,0,1,0,1,0,1,0.00159,1.
2,5,5,1,0,1,0,1,0,0,-0.0143,-0.097
2,5,5,1,0,1,0,1,1,0,0.133,-1.09
2,5,5,0,1,1,0,1,0,0,-0.0224,-0.0963
2,5,5,0,1,1,0,1,0,1,-0.111,1.1
4,5,5,0,0,1,0,1,0,0,0.00907,0.0989
4,5,5,0,0,1,0,1,0,1,0.000056,-0.306
4,5,5,1,0,1,0,1,0,0,0.017,0.0991
4,5,5,1,0,1,0,1,1,0,-0.0316,0.345
4,5,5,0,1,1,0,1,0,0,0.0197,0.0987
4,5,5,0,1,1,0,1,0,1,0.024,-0.341
6,5,5,0,0,1,0,1,0,0,-0.0101,-0.13
6,5,5,0,0,1,0,1,0,1,-0.0002,0.148
6,5,5,1,0,1,0,1,0,0,-0.0248,-0.132
6,5,5,1,0,1,0,1,1,0,0.0112,-0.157
6,5,5,0,1,1,0,1,0,0,-0.0195,-0.132
6,5,5,0,1,1,0,1,0,1,-0.0147,0.157
3,5,6,0,0,1,0,1,0,0,0.006,0.0717
3,5,6,0,0,1,0,1,1,0,0.0668,0.65
3,5,6,1,0,1,0,1,0,0,0.0113,0.0718
3,5,6,1,0,1,0,1,1,0,-0.000368,0.936
3,5,6,0,1,1,0,1,0,0,0.0129,0.0715
3,5,6,0,1,1,0,1,1,0,0.0777,0.829
5,5,6,0,0,1,0,1,0,0,-0.0073,-0.0896
5,5,6,0,0,1,0,1,1,0,-0.00832,-0.248
5,5,6,1,0,1,0,1,0,0,-0.0166,-0.0902
5,5,6,1,0,1,0,1,1,0,0.00047,-0.291
5,5,6,0,1,1,0,1,0,0,-0.0136,-0.0897
5,5,6,0,1,1,0,1,1,0,-0.0327,-0.28
7,5,6,0,0,1,0,1,0,0,0.00827,0.125
7,5,6,0,0,1,0,1,1,0,0.000768,0.127
7,5,6,1,0,1,0,1,0,0,0.0251,0.127
7,5,6,1,0,1,0,1,1,0,-0.00666,0.137
7,5,6,0,1,1,0,1,0,0,0.0134,0.126
7,5,6,0,1,1,0,1,1,0,0.0128,0.135
2,5,7,0,0,1,0,1,0,0,-0.00295,-0.0421
2,5,7,0,0,1,0,1,1,0,3.84,1.76
2,5,7,1,0,1,0,1,0,0,-0.00171,-0.0418
2,5,7,1,0,1,0,1,1,0,2.16,1.12
2,5,7,0,1,1,0,1,0,0,-0.00961,-0.0416
2,5,7,0,1,1,0,1,1,0,2.77,1.17
4,5,7,0,0,1,0,1,0,0,-0.00395,-0.0495
4,5,7,0,0,1,0,1,1,0,-0.0575,-0.514
4,5,7,1,0,1,0,1,0,0,-0.0101,-0.0498
4,5,7,1,0,1,0,1,1,0,-0.0515,-0.711
4,5,7,0,1,1,0,1,0,0,-0.00619,-0.0496
4,5,7,0,1,1,0,1,1,0,-0.1,-0.618
6,5,7,0,0,1,0,1,0,0,0.00601,0.0782
6,5,7,0,0,1,0,1,1,0,0.00675,0.221
6,5,7,1,0,1,0,1,0,0,0.0169,0.0792
6,5,7,1,0,1,0,1,1,0,0.0012,0.257
6,5,7,0,1,1,0,1,0,0,0.00868,0.0785
6,5,7,0,1,1,0,1,1,0,0.0277,0.242
4,6,2,0,0,1,0,1,0,0,0.00447,0.0505
4,6,2,0,0,1,0,1,0,1,1.55,0.398
4,6,2,1,0,1,0,1,0,0,0.00967,0.0505
4,6,2,1,0,1,0,1,0,1,1.41,0.306
4,6,2,0,1,1,0,1,0,0,0.011,0.0549
4,6,2,0,1,1,0,1,0,1,0.954,0.272
6,6,2,0,0,1,0,1,0,0,0.0142,0.238
6,6,2,0,0,1,0,1,0,1,-0.0131,-0.271
6,6,2,1,0,1,0,1,0,0,0.0359,0.24
6,6,2,1,0,1,0,1,0,1,-0.0406,-0.285
6,6,2,0,1,1,0,1,0,0,0.0532,0.269
6,6,2,0,1,1,0,1,0,1,0.00611,-0.364
3,6,3,0,0,1,0,1,0,0,0.00405,0.0437
3,6,3,0,0,1,0,1,0,1,2.23,0.828
3,6,3,1,0,1,0,1,0,0,0.00845,0.0437
3,6,3,1,0,1,0,1,0,1,1.94,0.701
3,6,3,0,1,1,0,1,0,0,0.00869,0.0447
3,6,3,0,1,1,0,1,0,1,1.47,0.706
5,6,3,0,0,1,0,1,0,0,0.0117,0.109
5,6,3,0,0,1,0,1,0,1,-0.0297,-0.335
5,6,3,1,0,1,0,1,0,0,0.0213,0.109
5,6,3,1,0,1,0,1,0,1,-0.0675,-0.366
5,6,3,0,1,1,0,1,0,0,0.0263,0.11
5,6,3,0,1,1,0,1,0,1,-0.0252,-0.441
7,6,3,0,0,1,0,1,0,0,-0.0064,-0.246
7,6,3,0,0,1,0,1,0,1,0.00322,0.11
7,6,3,1,0,1,0,1,0,0,-0.0289,-0.25
7,6,3,1,0,1,0,1,0,1,0.0166,0.113
7,6,3,0,1,1,0,1,0,0,-0.0329,-0.265
7,6,3,0,1,1,0,1,0,1,-0.00215,0.118
2,6,4,0,0,1,0,1,0,0,0.00274,0.0304
2,6,4,0,0,1,0,1,0,1,2.81,1.24
2,6,4,1,0,1,0,1,0,0,0.0054,0.0304
2,6,4,1,0,1,0,1,0,1,2.06,0.772
2,6,4,0,1,1,0,1,0,0,0.00583,0.0305
2,6,4,0,1,1,0,1,0,1,1.52,0.727
4,6,4,0,0,1,0,1,0,0,0.00819,0.0809
4,6,4,0,0,1,0,1,0,1,-0.0495,-0.433
4,6,4,1,0,1,0,1,0,0,0.0136,0.0809
4,6,4,1,0,1,0,1,0,1,-0.098,-0.506
4,6,4,0,1,1,0,1,0,0,0.0191,0.0805
4,6,4,0,1,1,0,1,0,1,-0.0503,-0.589
6,6,4,0,0,1,0,1,0,0,-0.0115,-0.135
6,6,4,0,0,1,0,1,0,1,0.00786,0.176
6,6,4,1,0,1,0,1,0,0,-0.0235,-0.136
6,6,4,1,0,1,0,1,0,1,0.0301,0.186
6,6,4,0,1,1,0,1,0,0,-0.0249,-0.137
6,6,4,0,1,1,0,1,0,1,0.00372,0.195
3,6,5,0,0,1,0,1,0,0,0.00711,0.0791
3,6,5,0,0,1,0,1,0,1,-0.0725,-0.652
3,6,5,1,0,1,0,1,0,0,0.0112,0.0791
3,6,5,1,0,1,0,1,0,1,-0.0954,-0.83
3,6,5,0,1,1,0,1,0,0,0.0172,0.0786
3,6,5,0,1,1,0,1,0,1,-0.0197,-0.934
5,6,5,0,0,1,0,1,0,0,-0.00851,-0.1
5,6,5,0,0,1,0,1,0,1,0.0105,0.247
5,6,5,1,0,1,0,1,0,0,-0.0158,-0.1
5,6,5,1,0,1,0,1,0,1,0.0384,0.271
5,6,5,0,1,1,0,1,0,0,-0.0186,-0.1
5,6,5,0,1,1,0,1,0,1,0.00377,0.28
7,6,5,0,0,1,0,1,0,0,0.0098,0.139
7,6,5,0,0,1,0,1,0,1,-0.00162,-0.127
7,6,5,1,0,1,0,1,0,0,0.023,0.141
7,6,5,1,0,1,0,1,0,1,-0.0132,-0.131
7,6,5,0,1,1,0,1,0,0,0.0199,0.141
7,6,5,0,1,1,0,1,0,1,0.00739,-0.132
2,6,6,0,0,1,0,1,0,0,0.00694,0.0872
2,6,6,0,0,1,0,1,0,1,-0.00109,-1.26
2,6,6,1,0,1,0,1,0,0,0.0107,0.0872
2,6,6,1,0,1,0,1,1,0,-0.138,1.39
2,6,6,0,1,1,0,1,0,0,0.017,0.0868
2,6,6,0,1,1,0,1,0,1,0.121,-1.39
4,6,6,0,0,1,0,1,0,0,-0.00663,-0.0846
4,6,6,0,0,1,0,1,0,1,-0.0000413,0.377
4,6,6,1,0,1,0,1,0,0,-0.0117,-0.0846
4,6,6,1,0,1,0,1,1,0,0.0317,-0.425
4,6,6,0,1,1,0,1,0,0,-0.0148,-0.0843
4,6,6,0,1,1,0,1,0,1,-0.0257,0.423
6,6,6,0,0,1,0,1,0,1,0.000146,-0.189
6,6,6,1,0,1,0,1,0,0,0.0159,0.101
6,6,6,1,0,1,0,1,1,0,-0.0126,0.201
6,6,6,0,1,1,0,1,0,0,0.0149,0.101
6,6,6,0,1,1,0,1,0,1,0.0152,-0.201
3,6,7,0,0,1,0,1,0,0,-0.00461,-0.0645
3,6,7,0,0,1,0,1,1,0,-0.0896,-0.796
3,6,7,1,0,1,0,1,0,0,-0.00825,-0.0645
3,6,7,1,0,1,0,1,1,0,-0.0238,-1.14
3,6,7,0,1,1,0,1,0,0,-0.0102,-0.0643
3,6,7,0,1,1,0,1,1,0,-0.102,-1.03
5,6,7,0,0,1,0,1,0,0,0.00545,0.0765
5,6,7,0,0,1,0,1,1,0,0.0126,0.3
5,6,7,1,0,1,0,1,0,0,0.0113,0.0767
5,6,7,1,0,1,0,1,1,0,0.008,0.35
5,6,7,0,1,1,0,1,0,0,0.0108,0.0765
5,6,7,0,1,1,0,1,1,0,0.0417,0.338
7,6,7,0,0,1,0,1,0,0,-0.0065,-0.0954
7,6,7,0,0,1,0,1,1,0,-0.00238,-0.163
7,6,7,1,0,1,0,1,0,0,-0.016,-0.0961
7,6,7,1,0,1,0,1,1,0,0.00446,-0.175
7,6,7,0,1,1,0,1,0,0,-0.0112,-0.0958
7,6,7,0,1,1,0,1,1,0,-0.017,-0.172
5,7,2,0,0,1,0,1,0,0,-0.00456,-0.057
5,7,2,0,0,1,0,1,0,1,-1.66,-0.44
5,7,2,1,0,1,0,1,0,0,-0.00977,-0.057
5,7,2,1,0,1,0,1,0,1,-1.56,-0.372
5,7,2,0,1,1,0,1,0,0,-0.0114,-0.0625
5,7,2,0,1,1,0,1,0,1,-1.11,-0.342
7,7,2,0,0,1,0,1,0,0,-0.0128,-0.251
7,7,2,0,0,1,0,1,0,1,0.0123,0.28
7,7,2,1,0,1,0,1,0,0,-0.0333,-0.252
7,7,2,1,0,1,0,1,0,1,0.0375,0.291
7,7,2,0,1,1,0,1,0,0,-0.0512,-0.287
7,7,2,0,1,1,0,1,0,1,-0.00668,0.372
4,7,3,0,0,1,0,1,0,0,-0.00434,-0.0521
4,7,3,0,0,1,0,1,0,1,-2.26,-0.845
4,7,3,1,0,1,0,1,0,0,-0.0091,-0.0521
4,7,3,1,0,1,0,1,0,1,-2.12,-0.813
4,7,3,0,1,1,0,1,0,0,-0.00923,-0.0535
4,7,3,0,1,1,0,1,0,1,-1.74,-0.907
6,7,3,0,0,1,0,1,0,0,-0.0105,-0.108
6,7,3,0,0,1,0,1,0,1,0.0274,0.333
6,7,3,1,0,1,0,1,0,0,-0.0194,-0.108
6,7,3,1,0,1,0,1,0,1,0.0615,0.355
6,7,3,0,1,1,0,1,0,0,-0.0231,-0.109
6,7,3,0,1,1,0,1,0,1,0.0246,0.428
3,7,4,0,0,1,0,1,0,0,-0.00344,-0.0422
3,7,4,0,0,1,0,1,0,1,-3.,-1.2
3,7,4,1,0,1,0,1,0,0,-0.00692,-0.0422
3,7,4,1,0,1,0,1,0,1,-2.63,-1.14
3,7,4,0,1,1,0,1,0,0,-0.00721,-0.0426
3,7,4,0,1,1,0,1,0,1,-2.16,-1.22
5,7,4,0,0,1,0,1,0,0,-0.00683,-0.0727
5,7,4,0,0,1,0,1,0,1,0.0439,0.4
5,7,4,1,0,1,0,1,0,0,-0.0116,-0.0726
5,7,4,1,0,1,0,1,0,1,0.0897,0.446
5,7,4,0,1,1,0,1,0,0,-0.0156,-0.0725
5,7,4,0,1,1,0,1,0,1,0.0536,0.521
7,7,4,0,0,1,0,1,0,1,-0.00784,-0.169
7,7,4,1,0,1,0,1,0,0,0.022,0.139
7,7,4,1,0,1,0,1,0,1,-0.0277,-0.176
7,7,4,0,1,1,0,1,0,0,0.0233,0.141
7,7,4,0,1,1,0,1,0,1,-0.00621,-0.185
2,7,5,0,0,1,0,1,0,0,-0.00225,-0.0289
2,7,5,0,0,1,0,1,0,1,-3.74,-1.74
2,7,5,1,0,1,0,1,0,0,-0.00431,-0.0289
2,7,5,1,0,1,0,1,0,1,-2.69,-1.15
2,7,5,0,1,1,0,1,0,0,-0.00482,-0.029
2,7,5,0,1,1,0,1,0,1,-2.1,-1.1
4,7,5,0,0,1,0,1,0,0,-0.00557,-0.0653
4,7,5,0,0,1,0,1,0,1,0.0669,0.523
4,7,5,1,0,1,0,1,0,0,-0.00884,-0.0652
4,7,5,1,0,1,0,1,0,1,0.126,0.622
4,7,5,0,1,1,0,1,0,0,-0.0133,-0.0649
4,7,5,0,1,1,0,1,0,1,0.0807,0.71
6,7,5,0,0,1,0,1,0,1,-0.012,-0.223
6,7,5,1,0,1,0,1,0,0,0.0146,0.0994
6,7,5,1,0,1,0,1,0,1,-0.0389,-0.237
6,7,5,0,1,1,0,1,0,0,0.017,0.0995
6,7,5,0,1,1,0,1,0,1,-0.0123,-0.247
3,7,6,0,0,1,0,1,0,0,-0.00532,-0.0699
3,7,6,0,0,1,0,1,0,1,0.094,0.797
3,7,6,1,0,1,0,1,0,0,-0.00819,-0.0699
3,7,6,1,0,1,0,1,0,1,0.116,1.03
3,7,6,0,1,1,0,1,0,0,-0.013,-0.0696
3,7,6,0,1,1,0,1,0,1,0.0392,1.14
5,7,6,0,0,1,0,1,0,0,0.00619,0.0838
5,7,6,0,0,1,0,1,0,1,-0.0142,-0.299
5,7,6,1,0,1,0,1,0,0,0.0109,0.0838
5,7,6,1,0,1,0,1,0,1,-0.046,-0.331
5,7,6,0,1,1,0,1,0,0,0.0139,0.0836
5,7,6,0,1,1,0,1,0,1,-0.0113,-0.341
7,7,6,0,0,1,0,1,0,0,-0.00727,-0.105
7,7,6,0,0,1,0,1,0,1,0.003,0.163
7,7,6,1,0,1,0,1,0,0,-0.015,-0.105
7,7,6,1,0,1,0,1,0,1,0.0172,0.169
7,7,6,0,1,1,0,1,0,0,-0.0148,-0.105
7,7,6,0,1,1,0,1,0,1,-0.00496,0.171
2,7,7,0,0,1,0,1,0,0,-0.00548,-0.0801
2,7,7,0,0,1,0,1,0,1,0.000859,1.55
2,7,7,1,0,1,0,1,0,0,-0.00836,-0.08
2,7,7,1,0,1,0,1,1,0,0.144,-1.7
2,7,7,0,1,1,0,1,0,0,-0.0135,-0.0797
2,7,7,0,1,1,0,1,0,1,-0.131,1.71
4,7,7,0,0,1,0,1,0,0,0.00511,0.0753
4,7,7,0,0,1,0,1,0,1,0.0000323,-0.452
4,7,7,1,0,1,0,1,0,0,0.00871,0.0753
4,7,7,1,0,1,0,1,1,0,-0.0322,0.511
4,7,7,0,1,1,0,1,0,0,0.0117,0.0751
4,7,7,0,1,1,0,1,0,1,0.0273,-0.509
6,7,7,0,0,1,0,1,0,0,-0.00562,-0.0845
6,7,7,0,0,1,0,1,0,1,-0.000113,0.227
6,7,7,1,0,1,0,1,0,0,-0.011,-0.0846
6,7,7,1,0,1,0,1,1,0,0.0134,-0.242
6,7,7,0,1,1,0,1,0,0,-0.0117,-0.0845
6,7,7,0,1,1,0,1,0,1,-0.0153,0.242
3,2,2,0,0,0,0,1,0,0,-0.0846,-0.0282
3,2,2,0,0,0,0,1,0,1,0.000135,-0.00167
3,2,2,1,0,0,0,1,0,0,0.000764,0.00585
3,2,2,1,0,0,0,1,1,0,-0.0926,-0.00583
3,2,2,0,1,0,0,1,0,0,-0.211,0.0269
3,2,2,0,1,0,0,1,0,1,-0.11,-0.00978
2,2,3,0,0,0,0,1,0,0,-0.0391,-0.161
2,2,3,0,0,0,0,1,1,0,-0.548,0.0286
2,2,3,1,0,0,0,1,0,0,-0.024,-0.157
2,2,3,1,0,0,0,1,1,0,-0.884,-0.706
2,2,3,0,1,0,0,1,0,0,-0.0976,-0.145
2,2,3,0,1,0,0,1,1,0,-0.737,-0.277
4,2,3,0,0,0,0,1,0,0,0.0842,0.131
4,2,3,0,0,0,0,1,1,0,0.0201,0.111
4,2,3,1,0,0,0,1,0,0,-0.0249,0.0954
4,2,3,1,0,0,0,1,1,0,0.0861,0.0779
4,2,3,0,1,0,0,1,0,0,0.195,0.101
4,2,3,0,1,0,0,1,1,0,0.0981,0.0921
3,2,4,0,0,0,0,1,0,0,0.0393,0.205
3,2,4,0,0,0,0,1,1,0,0.212,0.112
3,2,4,1,0,0,0,1,0,0,0.0144,0.2
3,2,4,1,0,0,0,1,1,0,0.605,0.378
3,2,4,0,1,0,0,1,0,0,0.0979,0.191
5,2,4,0,0,0,0,1,0,0,-0.0865,-0.197
5,2,4,0,0,0,0,1,1,0,-0.034,-0.151
5,2,4,1,0,0,0,1,0,0,0.0421,-0.16
5,2,4,1,0,0,0,1,1,0,-0.0868,-0.129
5,2,4,0,1,0,0,1,0,0,-0.189,-0.173
5,2,4,0,1,0,0,1,1,0,-0.0962,-0.142
4,2,5,0,0,0,0,1,0,0,-0.037,-0.235
4,2,5,0,0,0,0,1,1,0,-0.124,-0.202
4,2,5,1,0,0,0,1,1,0,-0.487,-0.34
4,2,5,0,1,0,0,1,0,0,-0.0925,-0.223
4,2,5,0,1,0,0,1,1,0,-0.274,-0.262
6,2,5,0,0,0,0,1,0,0,0.0884,0.246
6,2,5,0,0,0,0,1,1,0,0.037,0.18
6,2,5,1,0,0,0,1,0,0,-0.0582,0.208
6,2,5,1,0,0,0,1,1,0,0.0911,0.165
6,2,5,0,1,0,0,1,0,0,0.185,0.225
6,2,5,0,1,0,0,1,1,0,0.0932,0.176
5,2,6,0,0,0,0,1,0,0,0.0344,0.258
5,2,6,0,0,0,0,1,1,0,0.0848,0.261
5,2,6,1,0,0,0,1,0,0,-0.00462,0.251
5,2,6,1,0,0,0,1,1,0,0.43,0.346
5,2,6,0,1,0,0,1,0,0,0.0867,0.248
5,2,6,0,1,0,0,1,1,0,0.214,0.303
7,2,6,0,0,0,0,1,0,0,-0.0899,-0.286
7,2,6,0,0,0,0,1,1,0,-0.0372,-0.205
7,2,6,1,0,0,0,1,0,0,0.0734,-0.246
7,2,6,1,0,0,0,1,1,0,-0.095,-0.193
7,2,6,0,1,0,0,1,0,0,-0.181,-0.267
7,2,6,0,1,0,0,1,1,0,-0.0894,-0.204
6,2,7,0,0,0,0,1,0,0,-0.032,-0.278
6,2,7,0,0,0,0,1,1,0,-0.0614,-0.305
6,2,7,1,0,0,0,1,0,0,0.0126,-0.271
6,2,7,1,0,0,0,1,1,0,-0.399,-0.363
6,2,7,0,1,0,0,1,0,0,-0.0813,-0.27
6,2,7,0,1,0,0,1,1,0,-0.177,-0.339
2,3,2,0,0,0,0,1,0,0,0.016,0.115
2,3,2,0,0,0,0,1,0,1,-0.621,0.122
2,3,2,1,0,0,0,1,0,0,0.0404,0.118
2,3,2,1,0,0,0,1,0,1,-0.828,-0.168
2,3,2,0,1,0,0,1,0,0,0.0309,0.12
2,3,2,0,1,0,0,1,0,1,-1.2,-0.805
4,3,2,0,0,0,0,1,0,0,0.0595,-0.099
4,3,2,0,0,0,0,1,0,1,0.0183,0.115
4,3,2,1,0,0,0,1,0,0,-0.0164,-0.123
4,3,2,1,0,0,0,1,0,1,0.0952,0.12
4,3,2,0,1,0,0,1,0,0,0.186,-0.147
4,3,2,0,1,0,0,1,0,1,0.116,0.112
3,3,3,0,0,0,0,1,0,0,0.00914,0.0203
3,3,3,0,0,0,0,1,0,1,0.371,0.000516
3,3,3,1,0,0,0,1,0,0,-0.0108,0.0182
3,3,3,1,0,0,0,1,1,0,0.3,0.0637
3,3,3,0,1,0,0,1,0,0,0.0361,0.014
3,3,3,0,1,0,0,1,0,1,0.303,0.0506
5,3,3,0,0,0,0,1,0,0,-0.0418,-0.0101
5,3,3,0,0,0,0,1,0,1,0.0874,-0.0000459
5,3,3,1,0,0,0,1,0,0,0.0426,0.0126
5,3,3,1,0,0,0,1,1,0,-0.00338,0.0139
5,3,3,0,1,0,0,1,0,0,-0.14,-0.000291
5,3,3,0,1,0,0,1,0,1,-0.0062,0.012
2,3,4,0,0,0,0,1,0,0,0.016,0.114
2,3,4,0,0,0,0,1,1,0,1.08,-0.447
2,3,4,1,0,0,0,1,0,0,0.0138,0.113
2,3,4,1,0,0,0,1,1,0,1.81,0.7
2,3,4,0,1,0,0,1,0,0,0.0445,0.11
2,3,4,0,1,0,0,1,1,0,1.45,0.0971
4,3,4,0,0,0,0,1,0,0,-0.0141,-0.0798
4,3,4,0,0,0,0,1,1,0,-0.149,0.0644
4,3,4,1,0,0,0,1,0,0,0.00895,-0.0774
4,3,4,1,0,0,0,1,1,0,-0.234,-0.00923
4,3,4,0,1,0,0,1,0,0,-0.0502,-0.0742
4,3,4,0,1,0,0,1,1,0,-0.198,0.03
6,3,4,0,0,0,0,1,0,0,0.0361,0.0747
6,3,4,0,0,0,0,1,1,0,-0.0358,0.0975
6,3,4,1,0,0,0,1,0,0,-0.0577,0.052
6,3,4,1,0,0,0,1,1,0,-0.00853,0.0461
6,3,4,0,1,0,0,1,0,0,0.126,0.0706
6,3,4,0,1,0,0,1,1,0,0.00527,0.0679
3,3,5,0,0,0,0,1,0,0,-0.0157,-0.14
3,3,5,0,0,0,0,1,1,0,-0.396,0.179
3,3,5,1,0,0,0,1,0,0,-0.0105,-0.139
3,3,5,1,0,0,0,1,1,0,-0.994,-0.141
3,3,5,0,1,0,0,1,0,0,-0.0455,-0.137
3,3,5,0,1,0,0,1,1,0,-0.668,0.0421
5,3,5,0,0,0,0,1,0,0,0.0146,0.116
5,3,5,0,0,0,0,1,1,0,0.0796,0.0072
5,3,5,1,0,0,0,1,0,0,-0.0126,0.113
5,3,5,1,0,0,0,1,1,0,0.174,0.0273
5,3,5,0,1,0,0,1,0,0,0.0526,0.111
5,3,5,0,1,0,0,1,1,0,0.138,0.0134
7,3,5,0,0,0,0,1,0,0,-0.0323,-0.12
7,3,5,0,0,0,0,1,1,0,0.00317,-0.109
7,3,5,1,0,0,0,1,0,0,0.0719,-0.0964
7,3,5,1,0,0,0,1,1,0,-0.00407,-0.0795
7,3,5,0,1,0,0,1,0,0,-0.117,-0.117
7,3,5,0,1,0,0,1,1,0,-0.0209,-0.0939
4,3,6,0,0,0,0,1,0,0,0.0143,0.156
4,3,6,0,0,0,0,1,1,0,0.239,-0.0307
4,3,6,1,0,0,0,1,0,0,0.00629,0.154
4,3,6,1,0,0,0,1,1,0,0.713,0.102
4,3,6,0,1,0,0,1,0,0,0.0431,0.153
4,3,6,0,1,0,0,1,1,0,0.437,0.0214
6,3,6,0,0,0,0,1,0,0,-0.0137,-0.141
6,3,6,0,0,0,0,1,1,0,-0.0604,-0.0546
6,3,6,1,0,0,0,1,0,0,0.0176,-0.138
6,3,6,1,0,0,0,1,1,0,-0.147,-0.0568
6,3,6,0,1,0,0,1,0,0,-0.0515,-0.137
6,3,6,0,1,0,0,1,1,0,-0.112,-0.0537
5,3,7,0,0,0,0,1,1,0,-0.178,-0.0538
5,3,7,1,0,0,0,1,0,0,-0.00241,-0.165
5,3,7,1,0,0,0,1,1,0,-0.585,-0.121
5,3,7,0,1,0,0,1,0,0,-0.0401,-0.166
5,3,7,0,1,0,0,1,1,0,-0.335,-0.0799
7,3,7,0,0,0,0,1,0,0,0.0123,0.161
7,3,7,0,0,0,0,1,1,0,0.0526,0.0872
7,3,7,1,0,0,0,1,0,0,-0.0229,0.158
7,3,7,1,0,0,0,1,1,0,0.134,0.0831
7,3,7,0,1,0,0,1,0,0,0.0492,0.158
3,4,2,0,0,0,0,1,0,0,-0.0172,-0.163
3,4,2,0,0,0,0,1,0,1,0.317,0.0675
3,4,2,1,0,0,0,1,0,0,-0.0479,-0.165
3,4,2,1,0,0,0,1,0,1,0.488,0.169
3,4,2,0,1,0,0,1,0,0,-0.027,-0.173
3,4,2,0,1,0,0,1,0,1,0.887,0.515
5,4,2,0,0,0,0,1,0,0,-0.0653,0.213
5,4,2,0,0,0,0,1,0,1,-0.037,-0.161
5,4,2,1,0,0,0,1,0,0,0.0147,0.234
5,4,2,0,1,0,0,1,0,1,-0.124,-0.172
2,4,3,0,0,0,0,1,0,0,-0.0108,-0.0879
2,4,3,0,0,0,0,1,0,1,1.11,-0.497
2,4,3,1,0,0,0,1,0,0,-0.0223,-0.0882
2,4,3,1,0,0,0,1,0,1,1.48,0.0375
2,4,3,0,1,0,0,1,0,0,-0.0226,-0.0881
2,4,3,0,1,0,0,1,0,1,1.93,0.691
4,4,3,0,0,0,0,1,0,0,-0.00113,0.0451
4,4,3,0,0,0,0,1,0,1,-0.148,0.062
4,4,3,1,0,0,0,1,0,0,0.0226,0.0467
4,4,3,1,0,0,0,1,0,1,-0.2,0.0131
4,4,3,0,1,0,0,1,0,0,-0.0202,0.0502
4,4,3,0,1,0,0,1,0,1,-0.249,-0.0281
6,4,3,0,0,0,0,1,0,0,0.0358,-0.081
6,4,3,0,0,0,0,1,0,1,-0.0352,0.0982
6,4,3,1,0,0,0,1,0,0,-0.0451,-0.1
6,4,3,1,0,0,0,1,0,1,0.0105,0.0704
6,4,3,0,1,0,0,1,0,0,0.136,-0.0874
6,4,3,0,1,0,0,1,0,1,0.0000675,0.0459
3,4,4,0,0,0,0,1,0,0,-0.00312,-0.0146
3,4,4,0,0,0,0,1,0,1,-0.785,0.000154
3,4,4,1,0,0,0,1,0,0,0.00463,-0.014
3,4,4,1,0,0,0,1,1,0,-0.544,-0.101
3,4,4,0,1,0,0,1,0,0,-0.0145,-0.0126
3,4,4,0,1,0,0,1,0,1,-0.556,-0.0766
5,4,4,0,0,0,0,1,0,0,0.00621,0.0147
5,4,4,0,0,0,0,1,0,1,0.144,0.0000177
5,4,4,1,0,0,0,1,0,0,-0.0177,0.013
5,4,4,1,0,0,0,1,1,0,0.122,0.0125
5,4,4,0,1,0,0,1,0,0,0.034,0.011
5,4,4,0,1,0,0,1,0,1,0.124,0.0138
7,4,4,0,0,0,0,1,0,0,-0.0265,0.0078
7,4,4,0,0,0,0,1,0,1,0.137,9.85e-6
7,4,4,1,0,0,0,1,0,0,0.0585,0.0271
7,4,4,1,0,0,0,1,1,0,0.0407,0.0136
7,4,4,0,1,0,0,1,0,0,-0.115,0.00625
7,4,4,0,1,0,0,1,0,1,0.0408,0.0152
2,4,5,0,0,0,0,1,0,0,-0.00969,-0.0935
2,4,5,0,0,0,0,1,1,0,-1.64,0.859
2,4,5,1,0,0,0,1,0,0,-0.00989,-0.093
2,4,5,1,0,0,0,1,1,0,-2.7,-0.654
2,4,5,0,1,0,0,1,0,0,-0.0272,-0.0919
4,4,5,0,0,0,0,1,0,0,0.00673,0.0608
4,4,5,0,0,0,0,1,1,0,0.308,-0.241
4,4,5,1,0,0,0,1,0,0,-0.00152,0.06
4,4,5,0,1,0,0,1,0,0,0.0249,0.0588
4,4,5,0,1,0,0,1,1,0,0.341,-0.135
6,4,5,0,0,0,0,1,0,0,-0.0074,-0.0519
6,4,5,0,0,0,0,1,1,0,-0.0563,0.0119
6,4,5,1,0,0,0,1,0,0,0.0186,-0.0501
6,4,5,1,0,0,0,1,1,0,-0.0813,-0.0105
6,4,5,0,1,0,0,1,0,0,-0.0381,-0.0489
6,4,5,0,1,0,0,1,1,0,-0.0755,0.000963
3,4,6,0,0,0,0,1,0,0,0.00979,0.113
3,4,6,0,0,0,0,1,1,0,0.564,-0.441
3,4,6,1,0,0,0,1,0,0,0.00856,0.112
3,4,6,1,0,0,0,1,1,0,1.33,-0.0671
3,4,6,0,1,0,0,1,0,0,0.0286,0.112
3,4,6,0,1,0,0,1,1,0,0.946,-0.257
5,4,6,0,0,0,0,1,0,0,-0.00747,-0.0879
5,4,6,0,0,0,0,1,1,0,-0.137,0.127
5,4,6,1,0,0,0,1,0,0,0.00216,-0.087
5,4,6,1,0,0,0,1,1,0,-0.27,0.0638
5,4,6,0,1,0,0,1,0,0,-0.0279,-0.0862
5,4,6,0,1,0,0,1,1,0,-0.207,0.0963
7,4,6,0,0,0,0,1,1,0,0.0303,0.0249
7,4,6,1,0,0,0,1,0,0,-0.0214,0.0761
7,4,6,1,0,0,0,1,1,0,0.0599,0.0281
7,4,6,0,1,0,0,1,0,0,0.0386,0.0756
7,4,6,0,1,0,0,1,1,0,0.0548,0.0247
4,4,7,0,0,0,0,1,0,0,-0.00904,-0.124
4,4,7,0,0,0,0,1,1,0,-0.323,0.218
4,4,7,1,0,0,0,1,0,0,-0.00646,-0.123
4,4,7,1,0,0,0,1,1,0,-0.893,0.0868
4,4,7,0,1,0,0,1,0,0,-0.0275,-0.123
4,4,7,0,1,0,0,1,1,0,-0.582,0.162
6,4,7,0,0,0,0,1,1,0,0.088,-0.0506
6,4,7,1,0,0,0,1,0,0,-0.00395,0.105
6,4,7,1,0,0,0,1,1,0,0.205,-0.0312
6,4,7,0,1,0,0,1,0,0,0.0282,0.105
6,4,7,0,1,0,0,1,1,0,0.148,-0.044
4,5,2,0,0,0,0,1,0,0,0.0171,0.212
4,5,2,0,0,0,0,1,0,1,-0.269,-0.218
4,5,2,1,0,0,0,1,0,0,0.0525,0.212
4,5,2,1,0,0,0,1,0,1,-0.421,-0.275
4,5,2,0,1,0,0,1,0,0,0.0191,0.226
4,5,2,0,1,0,0,1,0,1,-0.823,-0.577
6,5,2,0,0,0,0,1,0,0,0.081,-0.328
6,5,2,0,0,0,0,1,0,1,0.0471,0.207
6,5,2,1,0,0,0,1,0,0,-0.00518,-0.347
6,5,2,1,0,0,0,1,0,1,0.109,0.213
6,5,2,0,1,0,0,1,0,0,0.259,-0.415
3,5,3,0,0,0,0,1,0,0,0.0116,0.111
3,5,3,0,0,0,0,1,0,1,-0.435,0.199
3,5,3,1,0,0,0,1,0,0,0.0258,0.111
3,5,3,0,1,0,0,1,0,0,0.0222,0.113
3,5,3,0,1,0,0,1,0,1,-1.08,-0.171
5,5,3,0,0,0,0,1,0,0,-0.00194,-0.0932
5,5,3,0,0,0,0,1,0,1,0.0819,0.0131
5,5,3,1,0,0,0,1,0,0,-0.0291,-0.0944
5,5,3,1,0,0,0,1,0,1,0.144,0.0289
5,5,3,0,1,0,0,1,0,0,0.0164,-0.0987
5,5,3,0,1,0,0,1,0,1,0.194,0.0493
7,5,3,0,0,0,0,1,0,1,0.00182,-0.112
7,5,3,1,0,0,0,1,0,0,0.0427,0.182
7,5,3,1,0,0,0,1,0,1,-0.0259,-0.0987
7,5,3,0,1,0,0,1,0,0,-0.149,0.171
7,5,3,0,1,0,0,1,0,1,-0.0141,-0.0834
2,5,4,0,0,0,0,1,0,0,0.00775,0.0759
2,5,4,0,0,0,0,1,0,1,-1.66,0.89
2,5,4,1,0,0,0,1,0,0,0.0147,0.076
2,5,4,1,0,0,0,1,0,1,-2.23,0.0731
2,5,4,0,1,0,0,1,0,0,0.0167,0.0758
2,5,4,0,1,0,0,1,0,1,-2.76,-0.636
4,5,4,0,0,0,0,1,0,0,-0.00135,-0.0318
4,5,4,0,0,0,0,1,0,1,0.308,-0.239
4,5,4,1,0,0,0,1,0,0,-0.0119,-0.0321
4,5,4,1,0,0,0,1,0,1,0.344,-0.123
4,5,4,0,1,0,0,1,0,0,0.00458,-0.0335
4,5,4,0,1,0,0,1,0,1,0.414,-0.047
6,5,4,0,0,0,0,1,0,0,-0.00282,0.0312
6,5,4,0,0,0,0,1,0,1,-0.0568,0.0114
6,5,4,1,0,0,0,1,0,0,0.0226,0.0325
6,5,4,1,0,0,0,1,0,1,-0.0797,-0.000581
6,5,4,0,1,0,0,1,0,0,-0.0281,0.0344
6,5,4,0,1,0,0,1,0,1,-0.0874,-0.0104
3,5,5,0,0,0,0,1,0,0,0.00152,0.0109
3,5,5,0,0,0,0,1,0,1,1.23,-0.000559
3,5,5,1,0,0,0,1,0,0,-0.00249,0.0106
3,5,5,1,0,0,0,1,1,0,0.816,0.126
3,5,5,0,1,0,0,1,0,0,0.00764,0.01
3,5,5,0,1,0,0,1,0,1,0.831,0.0962
5,5,5,0,0,0,0,1,0,1,-0.408,-6.06e-6
5,5,5,1,0,0,0,1,0,0,0.0075,-0.0135
5,5,5,1,0,0,0,1,1,0,-0.263,-0.0312
5,5,5,0,1,0,0,1,0,0,-0.0153,-0.0123
5,5,5,0,1,0,0,1,0,1,-0.264,-0.0321
7,5,5,0,0,0,0,1,0,0,0.00426,0.00783
7,5,5,0,0,0,0,1,0,1,0.0354,-0.0000146
7,5,5,1,0,0,0,1,0,0,-0.0219,0.00639
7,5,5,1,0,0,0,1,1,0,0.0458,0.00281
7,5,5,0,1,0,0,1,0,0,0.0322,0.00554
7,5,5,0,1,0,0,1,0,1,0.0457,0.00152
2,5,6,0,0,0,0,1,0,0,0.00683,0.0813
2,5,6,0,0,0,0,1,1,0,2.25,-1.29
2,5,6,1,0,0,0,1,0,0,0.00763,0.081
2,5,6,1,0,0,0,1,1,0,3.63,0.613
2,5,6,0,1,0,0,1,0,0,0.019,0.0804
2,5,6,0,1,0,0,1,1,0,3.05,-0.139
4,5,6,0,0,0,0,1,0,0,-0.00431,-0.0504
4,5,6,0,0,0,0,1,1,0,-0.485,0.424
4,5,6,1,0,0,0,1,0,0,-0.000468,-0.0501
4,5,6,1,0,0,0,1,1,0,-0.587,0.134
4,5,6,0,1,0,0,1,0,0,-0.0155,-0.0495
4,5,6,0,1,0,0,1,1,0,-0.507,0.235
6,5,6,0,0,0,0,1,0,0,0.00392,0.0431
6,5,6,0,0,0,0,1,1,0,0.169,-0.134
6,5,6,1,0,0,0,1,0,0,-0.00671,0.0426
6,5,6,1,0,0,0,1,1,0,0.185,-0.0329
6,5,6,0,1,0,0,1,0,0,0.0197,0.0417
6,5,6,0,1,0,0,1,1,0,0.165,-0.07
3,5,7,0,0,0,0,1,0,0,-0.00707,-0.0975
3,5,7,0,0,0,0,1,1,0,-0.739,0.7
3,5,7,1,0,0,0,1,0,0,-0.0071,-0.0971
3,5,7,1,0,0,0,1,1,0,-1.68,0.262
3,5,7,0,1,0,0,1,0,0,-0.0203,-0.0967
3,5,7,0,1,0,0,1,1,0,-1.25,0.459
5,5,7,0,0,0,0,1,0,0,0.00511,0.0733
5,5,7,0,0,0,0,1,1,0,0.2,-0.262
5,5,7,1,0,0,0,1,0,0,0.000731,0.0728
5,5,7,1,0,0,0,1,1,0,0.373,-0.155
5,5,7,0,1,0,0,1,0,0,0.0183,0.0724
5,5,7,0,1,0,0,1,1,0,0.291,-0.202
7,5,7,0,0,0,0,1,0,0,-0.00424,-0.0637
7,5,7,0,0,0,0,1,1,0,-0.0715,0.0689
7,5,7,1,0,0,0,1,0,0,0.00738,-0.0631
7,5,7,0,1,0,0,1,0,0,-0.0213,-0.0625
7,5,7,0,1,0,0,1,1,0,-0.101,0.048
5,6,2,0,0,0,0,1,0,0,-0.0163,-0.263
5,6,2,0,0,0,0,1,0,1,0.271,0.353
5,6,2,1,0,0,0,1,0,0,-0.0559,-0.263
5,6,2,1,0,0,0,1,0,1,0.415,0.393
5,6,2,0,1,0,0,1,0,0,-0.00873,-0.283
5,6,2,0,1,0,0,1,0,1,0.843,0.704
7,6,2,0,0,0,0,1,0,0,-0.102,0.447
7,6,2,0,0,0,0,1,0,1,-0.055,-0.256
7,6,2,1,0,0,0,1,0,0,-0.00927,0.466
7,6,2,1,0,0,0,1,0,1,-0.118,-0.263
7,6,2,0,1,0,0,1,0,0,-0.32,0.563
7,6,2,0,1,0,0,1,0,1,-0.167,-0.290
4,6,3,0,0,0,0,1,0,0,-0.0115,-0.131
4,6,3,0,0,0,0,1,0,1,0.298,-0.0139
4,6,3,1,0,0,0,1,0,0,-0.0274,-0.13
4,6,3,1,0,0,0,1,0,1,0.499,0.0434
4,6,3,0,1,0,0,1,0,0,-0.0197,-0.133
4,6,3,0,1,0,0,1,0,1,0.831,0.184
6,6,3,0,0,0,0,1,0,0,0.00304,0.136
6,6,3,0,0,0,0,1,0,1,-0.067,-0.0703
6,6,3,1,0,0,0,1,0,0,0.0332,0.137
6,6,3,1,0,0,0,1,0,1,-0.125,-0.0767
6,6,3,0,1,0,0,1,0,0,-0.0178,0.143
6,6,3,0,1,0,0,1,0,1,-0.176,-0.0899
3,6,4,0,0,0,0,1,0,0,-0.00838,-0.0921
3,6,4,0,0,0,0,1,0,1,0.585,-0.452
3,6,4,1,0,0,0,1,0,0,-0.0169,-0.0921
3,6,4,1,0,0,0,1,0,1,0.966,-0.264
3,6,4,0,1,0,0,1,0,0,-0.0172,-0.0924
3,6,4,0,1,0,0,1,0,1,1.38,-0.0536
5,6,4,0,0,0,0,1,0,0,0.00335,0.0624
5,6,4,0,0,0,0,1,0,1,-0.138,0.123
5,6,4,1,0,0,0,1,0,0,0.0158,0.0625
5,6,4,1,0,0,0,1,0,1,-0.213,0.0854
5,6,4,0,1,0,0,1,0,0,-0.000989,0.0642
5,6,4,0,1,0,0,1,0,1,-0.283,0.0496
7,6,4,0,0,0,0,1,0,0,0.00131,-0.0697
7,6,4,0,0,0,0,1,0,1,0.0314,0.0267
7,6,4,1,0,0,0,1,0,0,-0.026,-0.0708
7,6,4,1,0,0,0,1,0,1,0.059,0.028
7,6,4,0,1,0,0,1,0,0,0.027,-0.073
7,6,4,0,1,0,0,1,0,1,0.067,0.0309
2,6,5,0,0,0,0,1,0,0,-0.00587,-0.0684
2,6,5,0,0,0,0,1,0,1,2.26,-1.31
2,6,5,1,0,0,0,1,0,0,-0.0107,-0.0684
2,6,5,1,0,0,0,1,0,1,3.06,-0.17
2,6,5,0,1,0,0,1,0,0,-0.013,-0.0683
2,6,5,0,1,0,0,1,0,1,3.67,0.597
4,6,5,0,0,0,0,1,0,0,0.00158,0.0272
4,6,5,0,0,0,0,1,0,1,-0.485,0.422
4,6,5,1,0,0,0,1,0,0,0.00758,0.0273
4,6,5,1,0,0,0,1,0,1,-0.51,0.227
4,6,5,0,1,0,0,1,0,0,-0.000561,0.0279
4,6,5,0,1,0,0,1,0,1,-0.594,0.125
6,6,5,0,0,0,0,1,0,0,0.000322,-0.0185
6,6,5,0,0,0,0,1,0,1,0.169,-0.134
6,6,5,1,0,0,0,1,0,0,-0.0111,-0.0187
6,6,5,1,0,0,0,1,0,1,0.169,-0.069
6,6,5,0,1,0,0,1,0,0,0.0107,-0.0199
6,6,5,0,1,0,0,1,0,1,0.19,-0.033
3,6,6,0,0,0,0,1,0,0,-0.000885,-0.00845
3,6,6,0,0,0,0,1,0,1,-1.71,0.000805
3,6,6,1,0,0,0,1,0,0,0.00153,-0.00832
3,6,6,1,0,0,0,1,1,0,-1.11,-0.146
3,6,6,0,1,0,0,1,0,0,-0.00466,-0.00802
3,6,6,0,1,0,0,1,0,1,-1.12,-0.111
5,6,6,0,0,0,0,1,0,0,0.00141,0.0119
5,6,6,0,0,0,0,1,0,1,0.691,1.49e-6
5,6,6,1,0,0,0,1,0,0,-0.00396,0.0117
5,6,6,1,0,0,0,1,1,0,0.417,0.0452
5,6,6,0,1,0,0,1,0,0,0.0087,0.0111
5,6,6,0,1,0,0,1,0,1,0.418,0.0457
7,6,6,0,0,0,0,1,0,0,-0.00191,-0.0111
7,6,6,0,0,0,0,1,0,1,-0.24,0.0000129
7,6,6,1,0,0,0,1,0,0,0.00958,-0.0108
7,6,6,1,0,0,0,1,1,0,-0.15,-0.0161
7,6,6,0,1,0,0,1,0,0,-0.0153,-0.00991
7,6,6,0,1,0,0,1,0,1,-0.15,-0.015
2,6,7,0,0,0,0,1,0,0,-0.00519,-0.073
2,6,7,0,0,0,0,1,1,0,-2.9,1.74
2,6,7,1,0,0,0,1,0,0,-0.00615,-0.0728
2,6,7,1,0,0,0,1,1,0,-4.61,-0.578
2,6,7,0,1,0,0,1,0,0,-0.0143,-0.0725
2,6,7,0,1,0,0,1,1,0,-3.96,0.234
4,6,7,0,0,0,0,1,0,0,0.00312,0.0438
4,6,7,0,0,0,0,1,1,0,0.676,-0.615
4,6,7,1,0,0,0,1,0,0,0.00106,0.0436
4,6,7,1,0,0,0,1,1,0,0.782,-0.215
4,6,7,0,1,0,0,1,0,0,0.0109,0.0432
4,6,7,0,1,0,0,1,1,0,0.688,-0.336
6,6,7,0,0,0,0,1,0,0,-0.00268,-0.0372
6,6,7,0,0,0,0,1,1,0,-0.291,0.263
6,6,7,1,0,0,0,1,0,0,0.00281,-0.0369
6,6,7,1,0,0,0,1,1,0,-0.296,0.0812
6,6,7,0,1,0,0,1,0,0,-0.0125,-0.0364
6,6,7,0,1,0,0,1,1,0,-0.266,0.138
6,7,2,0,0,0,0,1,0,0,0.015,0.319
6,7,2,0,0,0,0,1,0,1,-0.29,-0.486
6,7,2,1,0,0,0,1,0,0,0.0584,0.318
6,7,2,1,0,0,0,1,0,1,-0.431,-0.518
6,7,2,0,1,0,0,1,0,0,-0.00351,0.345
6,7,2,0,1,0,0,1,0,1,-0.9,-0.856
5,7,3,0,0,0,0,1,0,0,0.0111,0.15
5,7,3,0,0,0,0,1,0,1,-0.257,-0.117
5,7,3,1,0,0,0,1,0,0,0.0285,0.149
5,7,3,1,0,0,0,1,0,1,-0.427,-0.148
5,7,3,0,1,0,0,1,0,0,0.0164,0.153
5,7,3,0,1,0,0,1,0,1,-0.74,-0.262
7,7,3,0,0,0,0,1,0,0,-0.00307,-0.178
7,7,3,0,0,0,0,1,0,1,0.0642,0.118
7,7,3,1,0,0,0,1,0,0,-0.0362,-0.179
7,7,3,1,0,0,0,1,0,1,0.12,0.122
7,7,3,0,1,0,0,1,0,0,0.0222,-0.186
7,7,3,0,1,0,0,1,0,1,0.174,0.133
4,7,4,0,0,0,0,1,0,0,0.00831,0.103
4,7,4,0,0,0,0,1,0,1,-0.358,0.204
4,7,4,1,0,0,0,1,0,0,0.0177,0.103
4,7,4,1,0,0,0,1,0,1,-0.621,0.142
4,7,4,0,1,0,0,1,0,0,0.016,0.104
4,7,4,0,1,0,0,1,0,1,-0.958,0.0393
6,7,4,0,0,0,0,1,0,0,-0.0043,-0.0872
6,7,4,0,0,0,0,1,0,1,0.093,-0.0397
6,7,4,1,0,0,0,1,0,0,-0.0184,-0.0872
6,7,4,0,1,0,0,1,0,0,0.000154,-0.0893
6,7,4,0,1,0,0,1,0,1,0.224,-0.00982
3,7,5,0,0,0,0,1,0,0,0.00641,0.0815
3,7,5,0,0,0,0,1,0,1,-0.753,0.708
3,7,5,1,0,0,0,1,0,0,0.0122,0.0815
3,7,5,1,0,0,0,1,0,1,-1.26,0.462
3,7,5,0,1,0,0,1,0,0,0.0136,0.0815
3,7,5,0,1,0,0,1,0,1,-1.71,0.254
5,7,5,0,0,0,0,1,0,0,-0.00302,-0.0508
5,7,5,0,0,0,0,1,0,1,0.202,-0.259
5,7,5,1,0,0,0,1,0,0,-0.0103,-0.0508
5,7,5,1,0,0,0,1,0,1,0.296,-0.194
5,7,5,0,1,0,0,1,0,0,-0.00234,-0.0515
5,7,5,0,1,0,0,1,0,1,0.383,-0.145
7,7,5,0,0,0,0,1,0,0,0.000912,0.0441
7,7,5,0,0,0,0,1,0,1,-0.0723,0.0676
7,7,5,1,0,0,0,1,0,0,0.0136,0.0442
7,7,5,1,0,0,0,1,0,1,-0.105,0.0456
7,7,5,0,1,0,0,1,0,0,-0.00863,0.0456
7,7,5,0,1,0,0,1,0,1,-0.128,0.0279
2,7,6,0,0,0,0,1,0,0,0.00464,0.0631
2,7,6,0,0,0,0,1,0,1,-2.91,1.75
2,7,6,1,0,0,0,1,0,0,0.00819,0.0631
2,7,6,1,0,0,0,1,0,1,-3.97,0.259
2,7,6,0,1,0,0,1,0,0,0.0104,0.0629
2,7,6,0,1,0,0,1,0,1,-4.63,-0.562
4,7,6,0,0,0,0,1,0,0,-0.00146,-0.0249
4,7,6,0,0,0,0,1,0,1,0.676,-0.614
4,7,6,1,0,0,0,1,0,0,-0.0054,-0.025
4,7,6,1,0,0,0,1,0,1,0.691,-0.33
4,7,6,0,1,0,0,1,0,0,-0.00079,-0.0253
4,7,6,0,1,0,0,1,0,1,0.787,-0.208
6,7,6,0,0,0,0,1,0,0,0.000226,0.0143
6,7,6,0,0,0,0,1,0,1,-0.292,0.263
6,7,6,1,0,0,0,1,0,0,0.00667,0.0144
6,7,6,1,0,0,0,1,0,1,-0.269,0.137
6,7,6,0,1,0,0,1,0,0,-0.00507,0.015
6,7,6,0,1,0,0,1,0,1,-0.3,0.0812
3,7,7,0,0,0,0,1,0,0,0.000572,0.00681
3,7,7,0,0,0,0,1,0,1,2.23,-0.000972
3,7,7,1,0,0,0,1,0,0,-0.00103,0.00674
3,7,7,1,0,0,0,1,1,0,1.43,0.163
3,7,7,0,1,0,0,1,0,0,0.00311,0.00657
3,7,7,0,1,0,0,1,0,1,1.43,0.122
5,7,7,0,0,0,0,1,0,0,-0.000903,-0.01
5,7,7,0,0,0,0,1,0,1,-0.989,4.9e-7
5,7,7,1,0,0,0,1,0,0,0.0024,-0.00993
5,7,7,1,0,0,0,1,1,0,-0.581,-0.0562
5,7,7,0,1,0,0,1,0,0,-0.0056,-0.00962
5,7,7,0,1,0,0,1,0,1,-0.581,-0.0564
7,7,7,0,0,0,0,1,0,0,0.00117,0.011
7,7,7,0,0,0,0,1,0,1,0.46,-0.0000107
7,7,7,1,0,0,0,1,0,0,-0.00514,0.0109
7,7,7,1,0,0,0,1,1,0,0.264,0.0265
7,7,7,0,1,0,0,1,0,0,0.00901,0.0103
7,7,7,0,1,0,0,1,0,1,0.264,0.0257
8,4,4,0,0,1,1,1,0,0,0.0918,0.196
8,4,4,0,0,0,1,1,0,0,1.45,-0.478
8,4,4,0,0,1,0,1,0,0,1.69,-0.426
8,4,4,0,0,0,0,1,0,0,0.307,0.193
8,4,4,0,0,1,0,0,0,0,0.0911,-0.144
8,4,4,0,0,0,0,0,0,0,1.93,-0.374
3,2,2,1,1,1,0,0,0,0,0.0,0.0
5,4,2,0,1,0,0,1,0,0,-0.212,0.276